accept_stat__,stepsize__,treedepth__,n_leapfrog__,divergent__,energy__
0.16118,0.277324,4,15,0,-29.4263
0.916579,0.310842,2,3,0,-29.3653
1,0.497805,1,1,0,-28.3682
4.28286e-012,0.0440366,1,1,0,-28.3682
0.998606,0.0739105,3,7,0,-24.8841
1,0.13143,2,3,0,-22.9235
0.558334,0.0601745,1,1,0,-24.2433
0.975103,0.103083,2,3,0,-26.6365
0.705435,0.0761748,4,15,0,-25.0312
1,0.143731,3,7,0,-21.2136
0.511989,0.058408,2,3,0,-21.2803
1,0.110835,2,3,0,-20.8493
1.46612e-007,0.00927119,4,15,0,-15.4881
1,0.01777,5,19,0,-13.2849
0.999582,0.0338207,5,31,0,-11.6376
0.947946,0.0545784,3,7,0,-11.6142
0.16953,0.00827565,1,1,0,-11.6142
0.998371,0.0156413,4,15,0,-11.5724
0.970473,0.0269554,4,15,0,-11.8104
0.991955,0.0490957,2,3,0,-11.7422
0.583011,0.0267098,2,3,0,-11.8373
0.988422,0.0477231,4,11,0,-12.5483
0.749125,0.0423802,3,7,0,-11.7362
0.845583,0.0496908,4,15,0,-11.8517
0.306185,0.0126093,1,1,0,-13.8843
0.999977,0.0229922,5,31,0,-13.4338
1,0.0415091,4,11,0,-13.4122
1,0.0742041,1,1,0,-12.9032
0.0342629,0.00933054,1,1,0,-12.9032
0.999417,0.0166995,3,7,0,-11.9753
1,0.0296501,3,7,0,-11.9346
0.998425,0.0519346,3,7,0,-13.0859
0.378431,0.01743,3,7,0,-12.0012
0.865762,0.0214357,2,3,0,-13.1532
1,0.0372915,3,7,0,-13.3072
1,0.0643128,2,3,0,-13.4266
0.0436101,0.00942894,1,1,0,-13.4266
0.988973,0.0158414,4,15,0,-13.8745
0.99617,0.0268894,2,3,0,-13.473
0.954781,0.0408093,1,1,0,-13.8213
1,0.0688929,2,3,0,-13.5396
0.159308,0.0144138,1,1,0,-13.5396
0.992345,0.0238728,5,19,0,-12.71
1,0.0399913,2,3,0,-11.9705
0.765211,0.0376565,2,3,0,-12.5763
0.675164,0.0285728,4,15,0,-14.3491
0.980165,0.0450931,4,13,0,-11.6987
0.997796,0.0737396,3,7,0,-11.6741
0.0195529,0.0119404,2,3,0,-11.6741
0.99412,0.019398,5,23,0,-11.91
0.992049,0.0311592,3,7,0,-12.0921
0.999724,0.0506295,3,7,0,-11.7068
0.108271,0.0105541,1,1,0,-11.7068
0.999961,0.017166,5,27,0,-11.6553
0.912578,0.0227592,4,9,0,-12.6555
0.989422,0.0357511,1,1,0,-12.7069
0.996225,0.0567011,4,11,0,-13.1932
0.354876,0.0214435,4,15,0,-13.6471
0.988031,0.0333087,5,23,0,-13.1619
1,0.052838,2,3,0,-13.0766
0.229764,0.0154633,1,1,0,-13.0766
0.991758,0.0240668,5,31,0,-13.9014
0.968705,0.0354519,3,7,0,-13.3453
0.914648,0.0462846,2,3,0,-13.2941
0.886533,0.0567271,1,1,0,-13.7425
0.58402,0.0364591,1,1,0,-16.7775
0.623013,0.0255679,2,3,0,-13.3284
0.902725,0.03241,1,1,0,-14.1167
0.977358,0.0478969,2,3,0,-13.2758
0.610009,0.0328223,3,7,0,-13.3037
0.844133,0.0366569,1,1,0,-13.3037
1,0.0563596,4,15,0,-11.6638
0.0514965,0.0123627,1,1,0,-11.6638
0.992311,0.0187303,3,7,0,-11.7382
0.979016,0.0275041,4,15,0,-12.1005
0.998759,0.0418632,1,1,0,-12.089
0.946804,0.0571648,3,7,0,-11.9297
0.0533256,0.0130624,3,7,0,-12.0224
0.999391,0.0198514,4,15,0,-11.6007
0.991884,0.0296014,3,7,0,-11.9419
0.614759,0.0209275,2,3,0,-11.9419
0.91544,0.0267523,4,15,0,-12.062
0.978211,0.038559,3,7,0,-12.1564
1,0.0577759,2,3,0,-12.1009
1,0.0862417,3,5,0,-14.0918
5.83374e-010,0.0187434,3,7,0,-14.0918
1,0.0280157,5,27,0,-17.7742
1,0.0417208,3,7,0,-17.8964
0.99805,0.0616772,3,7,0,-20.1689
0.574912,0.0408543,2,3,0,-20.1689
0.992095,0.0595173,4,15,0,-18.8901
0.48667,0.0335406,4,15,0,-14.0212
0.385707,0.015735,2,3,0,-17.3281
0.996092,0.0230719,2,3,0,-16.3717
1,0.0339624,1,1,0,-16.8186
0.549431,0.0217393,3,7,0,-11.7354
0.994431,0.0315772,4,15,0,-12.0594
0.494282,0.0183476,2,3,0,-12.4756
0.963121,0.0251129,4,13,0,-12.5894
1,0.0366506,2,3,0,-11.9472
0.973701,0.0508528,3,7,0,-11.8231
0.418824,0.0259731,1,1,0,-13.0655
0.954937,0.0348011,1,1,0,-13.4512
0.937576,0.0451024,3,7,0,-12.267
0.928521,0.0574013,2,3,0,-12.0464
0.0605196,0.0157126,1,1,0,-12.0464
0.9336,0.0202194,5,17,0,-12.4194
1,0.029176,3,5,0,-12.0987
0.999201,0.041922,4,15,0,-13.0067
0.756924,0.0393929,1,1,0,-13.5719
0.990973,0.0555806,3,7,0,-13.0195
0.421881,0.0292482,3,7,0,-13.1043
1,0.0418495,2,3,0,-12.3412
0.918773,0.0519509,4,15,0,-13.0121
0.324126,0.0232966,1,1,0,-15.5333
0.997037,0.0330595,2,3,0,-12.966
0.978789,0.0453668,2,3,0,-13.1227
0.733278,0.0410064,2,3,0,-12.2412
0.944248,0.0529261,2,3,0,-12.7522
0.595214,0.0379425,3,5,0,-12.3508
0.878419,0.0437934,2,3,0,-11.9894
0.759655,0.0414211,4,15,0,-12.9732
0.720881,0.036745,2,3,0,-13.5738
0.908306,0.0444975,2,3,0,-12.8545
0.836169,0.0477723,4,9,0,-13.0173
0.999162,0.067027,4,15,0,-11.7965
0.999968,0.0939503,5,23,0,-11.7457
0.992985,0.129898,4,15,0,-12.2984
0.974654,0.173939,2,3,0,-12.7621
0.998776,0.241745,4,15,0,-13.1964
1,0.335921,3,7,0,-12.6881
0.737552,0.305029,2,3,0,-12.7601
1,0.42263,2,3,0,-12.521
0.659418,0.338548,1,1,0,-12.521
1,0.467931,2,3,0,-12.0437
0.941321,0.587851,3,5,0,-11.6653
0.397335,0.310946,1,1,0,-11.6653
0.442307,0.17731,3,7,0,-11.6653
0.960801,0.229898,3,7,0,-11.7244
0.993016,0.313068,3,7,0,-11.9979
0.902108,0.368987,3,7,0,-12.6825
0.965343,0.479592,2,3,0,-13.7862
1,0.656893,2,3,0,-11.7032
0.0203437,0.19599,3,7,0,-14.2131
0.97452,0.258257,3,7,0,-14.4228
0.940251,0.322228,2,3,0,-13.9607
0.950063,0.407627,2,3,0,-13.9897
0.593372,0.297789,3,7,0,-11.7134
0.999433,0.405814,3,7,0,-11.7398
0.868947,0.452328,3,7,0,-12.1328
1,0.615084,1,1,0,-11.8666
0.105899,0.214938,3,7,0,-11.6844
0.973737,0.280987,2,3,0,-11.6226
0.946348,0.351917,3,5,0,-11.6454
0.955606,0.446362,2,3,0,-11.6454
0.0751733,0.15086,2,3,0,-11.6454
0.993325,0.202663,4,15,0,-11.6394
0.889705,0.232865,4,11,0,-12.8504
0.992091,0.311362,4,11,0,-13.5319
0.945053,0.387625,2,3,0,-13.2808
0.784874,0.380258,3,7,0,-14.976
0.727166,0.342606,2,3,0,-15.1873
1,0.461497,3,7,0,-13.2372
1,0.620645,3,5,0,-11.6489
0.621012,0.47846,1,1,0,-11.6489
0.582733,0.349279,2,3,0,-11.7623
0.990274,0.462363,1,1,0,-11.8158
0.121743,0.173086,3,7,0,-13.312
1,0.232457,3,7,0,-12.9356
1,0.311711,1,1,0,-12.7806
0.863186,0.342659,3,7,0,-12.4921
0.758739,0.324005,1,1,0,-12.4921
0.992456,0.428446,3,7,0,-14.1105
1,0.571877,1,1,0,-14.3656
0.990139,0.751554,1,1,0,-14.3084
0.465735,0.467688,3,7,0,-12.2877
0.956944,0.585829,4,11,0,-13.1207
1,0.779052,3,7,0,-12.9285
0.992151,1.02313,3,7,0,-12.6135
0.464601,0.63818,3,7,0,-14.1317
0.968596,0.810136,3,5,0,-13.0146
0.981465,1.04592,2,3,0,-12.5523
0.803487,1.05149,3,7,0,-12.1285
0.747869,0.978146,2,3,0,-12.1285
0.65406,0.798835,1,1,0,-12.9912
0.440698,0.485612,3,7,0,-12.4661
0.994766,0.637414,4,15,0,-12.5188
0.999907,0.841539,2,3,0,-12.0229
0.900163,0.967035,2,3,0,-11.6585
0.44906,0.597196,3,5,0,-11.6585
0.25121,0.281768,2,3,0,-14.5167
1,0.371783,1,1,0,-14.1499
0.999492,0.489578,4,15,0,-14.593
1,0.644315,2,3,0,-12.5249
1,0.846882,3,7,0,-12.2436
0.715259,0.755619,2,3,0,-12.2196
0.946079,0.921804,2,3,0,-11.8039
0.634868,0.738122,3,7,0,-11.635
0.987958,0.951897,2,3,0,-11.5985
0.671168,0.801065,3,7,0,-11.8527
0.660982,0.665503,2,3,0,-11.5965
0.548795,0.476222,2,3,0,-11.5965
0.883591,0.533581,3,7,0,-12.3489
0.968241,0.66886,1,1,0,-12.4669
0.986838,0.858557,2,3,0,-11.8777
0.93025,1.02126,2,3,0,-11.7447
0.0680063,0.387884,2,3,0,-11.7447
0.986031,0.497135,3,7,0,-11.9045
0.421629,0.302595,2,3,0,-13.9579
0.999831,0.394707,4,15,0,-12.5165
0.98982,0.507559,3,7,0,-11.6355
0.628187,0.406121,2,3,0,-13.0618
0.903555,0.466055,2,3,0,-15.0162
1,0.606115,1,1,0,-13.8179
1,0.787388,3,7,0,-15.6187
0.741673,0.730692,2,3,0,-18.1071
1,0.947805,2,3,0,-17.434
0.0181036,0.345212,3,7,0,-14.2409
1,0.447997,1,1,0,-13.9056
1,0.580755,1,1,0,-13.831
1,0.752047,3,7,0,-13.1373
1,0.972826,1,1,0,-12.5486
0.672246,0.826578,2,3,0,-12.4922
1,1.06791,2,3,0,-12.4121
0.0127131,0.391805,2,3,0,-12.4121
0.947743,0.473879,4,15,0,-13.3919
0.992383,0.606081,4,11,0,-11.849
0.839885,0.638404,1,1,0,-12.3714
0.96913,0.791603,2,3,0,-11.8372
0.992887,1.01056,3,7,0,-12.0326
0.342597,0.56844,3,7,0,-12.0326
0.922652,0.664171,2,3,0,-12.3564
0.998049,0.852444,2,3,0,-12.4567
0.971009,1.05665,3,7,0,-11.5731
0.266507,0.54287,1,1,0,-11.5731
0.991179,0.690076,2,3,0,-11.5725
0.994835,0.880378,3,7,0,-11.6089
0.916319,1.01787,2,3,0,-11.661
0.432662,0.645868,3,5,0,-11.661
0.999404,0.82759,2,3,0,-11.606
0.75258,0.781141,3,5,0,-11.606
0.759715,0.743973,2,3,0,-12.6824
1,0.952393,1,1,0,-12.5284
0.739436,0.884603,3,7,0,-11.6977
0.48051,0.598426,3,5,0,-11.6977
0.792142,0.593518,3,7,0,-12.0155
0.675183,0.510342,3,7,0,-12.0155
1,0.652261,2,3,0,-11.6911
0.881157,0.720796,2,3,0,-11.6911
0.426964,0.458745,2,3,0,-13.7331
0.985757,0.575611,3,7,0,-12.6912
0.908079,0.656932,2,3,0,-12.2585
0.804493,0.66128,1,1,0,-13.0384
1,0.842496,1,1,0,-11.9167
0.658503,0.711134,2,3,0,-14.9456
1,0.905099,1,1,0,-12.5019
0.965046,1.10374,3,7,0,-13.598
1,1.40247,1,1,0,-12.6481
0.719311,1.27336,1,1,0,-12.6481
0.110834,0.559866,1,1,0,-12.6481
0.811862,0.568634,3,5,0,-11.9035
0.929947,0.664485,2,3,0,-11.5883
0.920415,0.767343,3,7,0,-11.7233
0.89751,0.861979,3,7,0,-11.8073
0.404082,0.540214,1,1,0,-13.2944
1,0.684975,2,3,0,-12.0876
0.968629,0.836334,2,3,0,-11.7499
0.349996,0.493067,1,1,0,-11.7499
0.857198,0.528149,3,5,0,-12.3744
1,0.668604,2,3,0,-12.5811
0.974089,0.82048,3,7,0,-12.2762
0.904946,0.92811,2,3,0,-12.962
1,1.17239,3,7,0,-12.1077
0.512543,0.839144,2,3,0,-12.1077
0.627326,0.687078,2,3,0,-13.5236
0.749288,0.648484,4,15,0,-14.9472
1,0.818367,2,3,0,-11.971
0.221189,0.419452,3,7,0,-11.909
0.857687,0.449141,2,3,0,-12.642
1,0.566487,1,1,0,-12.1977
0.945208,0.670337,2,3,0,-11.8912
0.975865,0.821189,3,7,0,-11.9881
0.399531,0.519226,1,1,0,-14.0937
1,0.653724,3,7,0,-12.53
0.992197,0.81514,2,3,0,-12.441
0.916252,0.931389,3,7,0,-11.9332
0.239242,0.491996,3,7,0,-11.9332
0.879683,0.53947,3,7,0,-12.734
0.959502,0.647437,2,3,0,-14.1727
0.945883,0.76466,2,3,0,-12.9876
0.998034,0.957499,3,7,0,-13.9027
0.937468,1.11886,3,7,0,-12.1016
0.481134,0.780977,2,3,0,-12.1016
0.836907,0.814731,3,7,0,-11.5806
0.694993,0.724481,2,3,0,-12.988
1,0.907649,4,15,0,-12.4897
0.914948,1.03299,2,3,0,-12.8695
0.811421,1.04659,2,3,0,-12.2001
0.022064,0.438896,2,3,0,-12.2001
0.927645,0.506896,4,15,0,-12.909
1,0.634288,2,3,0,-12.525
0.573831,0.493732,2,3,0,-12.525
1,0.61741,1,1,0,-12.2206
0.981781,0.756108,3,7,0,-11.7368
0.648718,0.639997,3,5,0,-12.4899
1,0.799172,2,3,0,-11.9361
0.873333,0.867139,3,7,0,-13.6615
1,1.08157,2,3,0,-12.568
0.361344,0.667596,3,7,0,-13.1915
0.599885,0.53633,3,5,0,-13.0192
0.978343,0.653071,2,3,0,-12.6697
0.938768,0.761032,2,3,0,-11.7648
0.670677,0.661137,3,7,0,-12.9579
1,0.823324,2,3,0,-12.1099
0.995433,1.01954,2,3,0,-12.1905
0.693834,0.908502,3,7,0,-11.9003
0.381317,0.576522,3,5,0,-13.4544
0.934626,0.668024,3,7,0,-13.9817
1,0.830539,2,3,0,-13.844
0.817526,0.846955,2,3,0,-11.8448
0.978507,1.0278,3,7,0,-11.6891
1,1.27582,1,1,0,-11.7137
0.000855695,0.539134,3,7,0,-11.7137
0.987855,0.660744,3,7,0,-11.7246
0.979778,0.802314,2,3,0,-11.5993
0.547982,0.612579,2,3,0,-13.6082
1,0.75978,2,3,0,-13.0017
1,0.941773,1,1,0,-11.9959
0.57913,0.744081,2,3,0,-12.1343
1,0.921774,3,7,0,-12.3404
0.737033,0.86233,1,1,0,-12.9803
0.891227,0.950732,2,3,0,-12.4158
0.74635,0.898399,2,3,0,-13.1245
0.903499,1.00315,2,3,0,-12.7507
0.651874,0.857702,2,3,0,-11.8791
0.808548,0.865951,3,7,0,-12.3332
0.920885,0.984434,2,3,0,-12.1064
1,1.21612,1,1,0,-12.0192
0.121171,0.594788,1,1,0,-12.0192
0.825138,0.611359,3,7,0,-12.2033
0.998401,0.753811,2,3,0,-11.5703
0.802288,0.756149,2,3,0,-11.6147
0.950879,0.886276,3,7,0,-12.4016
0.551481,0.683647,2,3,0,-12.523
0.558929,0.531841,3,7,0,-13.368
1,0.656042,2,3,0,-13.632
0.978363,0.790751,2,3,0,-13.4222
1,0.974334,2,3,0,-13.7259
0.877378,1.05629,2,3,0,-12.877
0.678949,0.931778,3,7,0,-12.8167
1,1.14688,3,5,0,-11.5822
0.106117,0.559269,1,1,0,-11.5822
0.970926,0.668078,3,7,0,-11.6691
0.319172,0.407007,2,3,0,-14.6896
0.997943,0.499899,1,1,0,-15.2932
1,0.614958,1,1,0,-14.2964
0.95074,0.71874,2,3,0,-11.874
0.994751,0.878511,3,7,0,-11.6241
0.649085,0.752885,2,3,0,-11.9456
0.902488,0.836773,2,3,0,-12.4932
0.795752,0.833582,2,3,0,-14.8597
0.899066,0.922848,3,7,0,-13.9562
0.987252,1.11756,2,3,0,-13.4038
0.303036,0.673627,2,3,0,-13.974
1,0.826334,2,3,0,-14.3037
0.972139,0.984839,1,1,0,-14.6032
0.60978,0.812173,2,3,0,-14.6577
1,0.995261,3,7,0,-12.8604
0.270607,0.58251,4,11,0,-15.034
1,0.713756,2,3,0,-14.0578
0.166836,0.376863,4,15,0,-17.181
1,0.46179,3,7,0,-17.1558
0.9937,0.561985,2,3,0,-18.1649
0.978487,0.673198,3,7,0,-14.2422
0.272568,0.396592,2,3,0,-14.2422
0.969761,0.470924,4,15,0,-12.6666
1,0.576144,2,3,0,-12.5161
0.893213,0.633099,3,7,0,-16.376
0.995758,0.770601,3,7,0,-16.5012
0.679484,0.68365,4,15,0,-17.4873
1,0.835168,1,1,0,-18.3728
0.94071,0.961287,2,3,0,-17.1193
0.947862,1.11396,2,3,0,-15.9748
0.961422,1.30792,2,3,0,-14.8911
1,1.59494,2,3,0,-12.6058
0.546875,1.2407,1,1,0,-12.6058
1,1.51233,2,3,0,-14.2366
0.126027,0.776555,2,3,0,-14.7281
0.903733,0.860811,2,3,0,-14.1416
0.901514,0.951885,2,3,0,-13.0414
0.61029,0.789899,2,3,0,-14.8046
1,0.962204,3,7,0,-13.1012
0.634145,0.817758,2,3,0,-11.9069
0.93652,0.935486,2,3,0,-13.7687
1,1.1385,1,1,0,-11.8003
0.1239,0.587343,2,3,0,-11.8003
0.935372,0.671085,2,3,0,-12.1724
0.412127,0.459792,2,3,0,-13.9881
1,0.559524,2,3,0,-12.4377
1,0.68057,3,5,0,-11.812
0.650812,0.589012,2,3,0,-11.8682
0.869254,0.630593,3,7,0,-11.7104
0.991683,0.760208,2,3,0,-11.6028
0.846853,0.796014,2,3,0,-12.1513
0.818841,0.811106,3,7,0,-12.1006
0.219805,0.462902,3,7,0,-14.4256
0.985304,0.554332,3,7,0,-13.4864
0.982606,0.661815,2,3,0,-13.968
0.930467,0.751088,2,3,0,-13.3501
0.959524,0.876337,2,3,0,-12.5182
1,1.06269,1,1,0,-11.716
0.0585218,0.521276,2,3,0,-11.716
0.974873,0.617158,2,3,0,-11.9109
0.880702,0.667341,1,1,0,-12.3972
1,0.808785,3,5,0,-12.1723
0.571566,0.65037,3,7,0,-12.2706
1,0.787893,2,3,0,-12.0204
0.87463,0.846497,3,7,0,-12.4779
0.69955,0.769545,1,1,0,-13.7445
0.858992,0.814454,1,1,0,-15.3469
0.301865,0.507375,2,3,0,-13.2747
0.889564,0.552997,2,3,0,-12.7886
1,0.669179,2,3,0,-12.2745
0.835453,0.692533,4,11,0,-16.3638
1,0.83746,3,7,0,-18.7771
0.981596,0.994819,3,7,0,-17.0144
0.983864,1.18382,2,3,0,-14.9883
0.835496,1.22422,2,3,0,-15.4858
0.543705,0.961513,3,7,0,-14.6076
0.84115,0.999787,1,1,0,-15.343
1,1.20699,2,3,0,-16.969
0.154068,0.657936,2,3,0,-16.969
0.972961,0.774426,2,3,0,-17.4467
0.890792,0.843664,3,7,0,-12.051
0.472915,0.621365,3,7,0,-12.051
0.743472,0.589817,2,3,0,-12.0414
0.991221,0.70577,2,3,0,-12.0881
0.94,0.804783,2,3,0,-12.498
0.944787,0.921527,2,3,0,-11.7375
0.897791,1.00972,3,7,0,-12.1254
0.691533,0.913023,3,7,0,-12.8179
1,1.09987,3,5,0,-11.6711
0.664919,0.970391,3,7,0,-11.6711
0.838362,1.0058,1,1,0,-11.8278
0.10283,0.527429,2,3,0,-11.8278
0.617557,0.445916,2,3,0,-11.8278
0.921962,0.499675,3,7,0,-12.8024
1,0.601601,2,3,0,-11.9923
0.994669,0.720479,3,7,0,-11.8159
0.0820046,0.372035,3,5,0,-11.7217
1,0.447798,2,3,0,-11.7415
1,0.538779,3,7,0,-11.587
0.997393,0.64644,1,1,0,-11.5944
0.887266,0.70081,3,5,0,-11.9247
0.989931,0.834567,2,3,0,-11.721
0.481052,0.623489,3,7,0,-13.663
0.942845,0.711019,3,7,0,-13.2226
0.960614,0.823882,2,3,0,-13.7033
0.810235,0.831976,2,3,0,-13.7033
1,0.998815,2,3,0,-14.0857
0.521482,0.775211,2,3,0,-14.0775
1,0.930382,2,3,0,-13.4336
1,1.11619,2,3,0,-13.4193
0.206179,0.651081,2,3,0,-14.8152
0.998288,0.779892,3,7,0,-13.2794
1,0.93529,2,3,0,-12.6827
0.623867,0.797694,2,3,0,-12.1782
0.0226219,0.395145,3,7,0,-12.1782
0.903748,0.434478,4,9,0,-11.8904
0.979824,0.511574,3,7,0,-11.9783
0.978849,0.601621,3,7,0,-11.7352
0.975678,0.705268,3,7,0,-11.5857
0.90746,0.777306,2,3,0,-12.231
0.993679,0.925543,3,7,0,-11.574
0.400555,0.646806,1,1,0,-11.574
0.871015,0.689802,3,7,0,-12.7725
0.727783,0.646965,3,5,0,-13.385
1,0.774316,1,1,0,-12.3996
0.64484,0.674322,2,3,0,-12.5301
1,0.806734,2,3,0,-12.5133
0.702365,0.739736,3,7,0,-12.5133
0.42002,0.52744,3,7,0,-12.2773
0.764284,0.511363,3,7,0,-13.3684
0.979666,0.600542,2,3,0,-13.3524
1,0.717908,3,5,0,-11.8651
0.389101,0.498692,2,3,0,-11.8651
0.863099,0.527882,2,3,0,-11.7658
0.552757,0.424362,2,3,0,-13.6199
0.977153,0.496957,2,3,0,-14.4284
1,0.593667,2,3,0,-14.5496
1,0.708952,2,3,0,-14.2482
0.50176,0.545139,2,3,0,-13.2903
1,0.650828,2,3,0,-13.2632
1,0.776739,1,1,0,-11.991
1,0.926692,2,3,0,-12.0643
0.215682,0.554488,2,3,0,-12.0643
0.126823,0.307167,2,3,0,-12.0643
0.990062,0.363422,2,3,0,-11.9057
0.998949,0.433204,3,7,0,-11.9589
0.667046,0.385967,3,7,0,-14.2725
1,0.460319,2,3,0,-13.5903
0.997752,0.547731,4,15,0,-13.6091
0.882889,0.589324,2,3,0,-15.1119
1,0.702211,1,1,0,-14.1616
1,0.836443,1,1,0,-13.3785
0.530379,0.661616,3,7,0,-15.2413
1,0.787869,2,3,0,-13.4396
0.465787,0.589458,2,3,0,-12.7797
1,0.701786,2,3,0,-11.8754
0.000959314,0.351002,2,3,0,-11.8754
0.587115,0.292196,2,3,0,-11.8754
0.996781,0.346966,4,11,0,-12.2494
0.991967,0.410157,4,15,0,-12.3701
1,0.488083,3,7,0,-12.0316
0.991399,0.576328,2,3,0,-11.6728
0.216417,0.348563,2,3,0,-11.6728
0.990995,0.41144,3,7,0,-12.263
0.866496,0.436142,3,7,0,-12.2041
1,0.518554,1,1,0,-12.083
1,0.616341,3,7,0,-11.8581
0.131369,0.347287,2,3,0,-12.3713
0.955865,0.397455,2,3,0,-13.4568
0.678399,0.358483,3,7,0,-15.7395
1,0.425957,3,7,0,-13.3354
1,0.505971,3,7,0,-13.9927
0.954223,0.577763,2,3,0,-15.5984
0.204744,0.347719,3,7,0,-14.059
1,0.412917,2,3,0,-13.6689
0.980306,0.482023,3,7,0,-12.6138
0.604942,0.408581,2,3,0,-12.7983
1,0.484891,2,3,0,-11.8548
0.552686,0.393263,2,3,0,-11.9717
1,0.466584,2,3,0,-11.7864
0.916284,0.515443,2,3,0,-12.0236
0.617651,0.441944,2,3,0,-11.8252
0.975268,0.513176,2,3,0,-11.9496
0.78378,0.506582,2,3,0,-13.1937
0.948959,0.575062,3,7,0,-14.0499
1,0.681417,2,3,0,-12.8216
0.9245,0.75735,2,3,0,-12.4322
0.785541,0.748503,1,1,0,-12.9529
0.00662273,0.383716,2,3,0,-12.9529
0.984573,0.448704,2,3,0,-11.9123
0.862722,0.473445,3,5,0,-12.967
0.980704,0.551576,3,5,0,-11.5818
0.131003,0.314721,2,3,0,-11.5818
0.985412,0.368142,3,7,0,-11.6427
0.997222,0.434796,4,15,0,-11.7412
0.78386,0.429355,3,7,0,-12.8814
0.961432,0.491918,3,7,0,-12.2782
1,0.58193,2,3,0,-12.4017
0.502971,0.454358,1,1,0,-12.4017
0.986549,0.531376,3,7,0,-12.2959
0.146853,0.308443,2,3,0,-12.2959
0.980738,0.359007,4,15,0,-11.6968
0.990232,0.421065,3,7,0,-11.8098
0.405239,0.3035,2,3,0,-11.8098
0.999622,0.358704,3,7,0,-11.7272
0.96592,0.412131,3,7,0,-11.6116
0.906535,0.450645,3,5,0,-11.8403
0.960751,0.515327,3,7,0,-11.7173
0.688329,0.470162,3,5,0,-15.4212
0.944232,0.530205,2,3,0,-14.7611
0.549685,0.431403,2,3,0,-15.3727
1,0.509364,2,3,0,-14.0183
1,0.601244,2,3,0,-13.3912
0.918216,0.663222,2,3,0,-13.3742
0.639248,0.581258,2,3,0,-12.1272
0.173167,0.347163,2,3,0,-12.1272
0.818422,0.352846,3,7,0,-12.5696
0.975742,0.40811,2,3,0,-12.4985
1,0.481409,2,3,0,-12.9839
0.987177,0.561772,3,7,0,-12.1143
0.838578,0.580213,2,3,0,-12.1143
1,0.683934,2,3,0,-13.1412
0.829275,0.700872,3,7,0,-11.8074
0.739294,0.667251,2,3,0,-11.9254
0.171348,0.399432,2,3,0,-11.9254
0.963614,0.456946,1,1,0,-12.063
0.761581,0.443219,3,7,0,-14.1032
0.929422,0.49295,2,3,0,-13.8873
0.899559,0.534993,2,3,0,-13.5029
1,0.629982,2,3,0,-12.3534
0.216021,0.392086,3,7,0,-12.3534
1,0.461695,1,1,0,-11.9199
0.631235,0.402923,2,3,0,-11.9199
0.896404,0.436094,2,3,0,-11.9701
0.820144,0.443654,3,7,0,-13.2966
1,0.522084,3,7,0,-12.2528
0.901034,0.566954,3,7,0,-12.2528
0.856342,0.593756,2,3,0,-12.5504
0.677275,0.53805,2,3,0,-11.8225
0.765499,0.523635,2,3,0,-12.9883
0.747442,0.502262,3,7,0,-14.2499
1,0.59052,3,7,0,-12.9973
0.796631,0.589279,2,3,0,-13.9778
0.702091,0.54498,2,3,0,-12.5909
0.468132,0.417664,2,3,0,-12.775
0.556603,0.343809,3,7,0,-12.775
0.853529,0.359272,3,7,0,-13.6999
1,0.422186,2,3,0,-12.0486
1,0.495988,2,3,0,-12.0477
0.983172,0.574746,2,3,0,-12.341
0.250935,0.370686,2,3,0,-12.341
0.993483,0.4331,3,7,0,-11.8204
0.815483,0.438859,3,7,0,-11.9835
0.875732,0.466587,3,7,0,-12.1278
0.695607,0.429658,2,3,0,-12.1278
1,0.504305,2,3,0,-11.8373
0.978066,0.581526,3,5,0,-12.0236
0.675575,0.527046,2,3,0,-12.8562
0.888745,0.56595,3,7,0,-11.6376
0.0796644,0.31959,2,3,0,-11.6376
0.962024,0.363832,3,7,0,-11.9097
0.883627,0.389154,4,11,0,-13.3188
0.849166,0.404983,2,3,0,-13.2616
0.928937,0.448904,2,3,0,-13.3294
0.999523,0.526078,3,7,0,-11.7695
0.473566,0.406706,2,3,0,-11.7695
0.996005,0.475221,3,7,0,-11.7546
0.800141,0.475632,3,7,0,-11.7546
0.992677,0.5541,2,3,0,-11.8387
0.83654,0.570647,2,3,0,-12.3481
0.604328,0.489462,3,7,0,-12.3481
0.729403,0.463352,3,7,0,-13.7268
0.615352,0.40105,2,3,0,-12.1313
0.997059,0.468609,3,7,0,-12.1883
0.991467,0.545019,2,3,0,-12.2362
1,0.637997,1,1,0,-12.0169
0.85566,0.66679,3,7,0,-11.9144
0.0228823,0.362979,2,3,0,-11.9144
0.94855,0.408112,3,7,0,-12.0014
0.846094,0.423452,2,3,0,-12.365
0.957399,0.479266,1,1,0,-12.365
0.962076,0.544316,3,7,0,-12.8005
0.85102,0.566778,2,3,0,-12.3879
0.981947,0.653546,2,3,0,-12.3912
0.585567,0.553279,3,7,0,-11.656
0.925443,0.610406,2,3,0,-12.4881
1,0.713534,3,5,0,-11.7627
0.993232,0.829514,2,3,0,-11.5727
0.0872763,0.477047,1,1,0,-11.5727
0.879174,0.507646,2,3,0,-12.0995
0.88765,0.543719,2,3,0,-12.1049
1,0.635261,2,3,0,-11.5936
0.570638,0.532161,2,3,0,-11.7523
0.83843,0.548573,3,7,0,-12.2005
0.808439,0.552503,2,3,0,-12.7192
0.120906,0.327149,2,3,0,-12.7192
0.994465,0.380521,3,7,0,-13.3436
0.99612,0.443066,3,7,0,-12.1648
0.650706,0.395206,2,3,0,-13.6698
0.782545,0.390261,3,7,0,-12.1363
0.85237,0.406664,2,3,0,-12.4888
0.683994,0.37226,2,3,0,-12.738
0.998746,0.434084,3,7,0,-11.909
0.829384,0.444338,3,7,0,-12.412
0.979754,0.510453,3,7,0,-12.8445
0.395197,0.374474,2,3,0,-12.8445
1,0.436885,2,3,0,-11.7669
1,0.509582,3,7,0,-11.7093
0.332527,0.356573,2,3,0,-11.7093
0.713171,0.333974,2,3,0,-11.7093
0.763127,0.325009,2,3,0,-13.1675
1,0.379001,1,1,0,-12.7975
0.958848,0.428205,3,7,0,-14.363
0.904705,0.464151,3,7,0,-14.8726
0.894617,0.499203,3,7,0,-12.3184
0.759676,0.484433,2,3,0,-11.7024
0.971001,0.552114,2,3,0,-11.6452
0.95705,0.622495,2,3,0,-11.9527
0.225712,0.402614,3,7,0,-12.8778
1,0.469006,3,7,0,-13.1372
0.559031,0.390931,2,3,0,-13.1372
1,0.455306,2,3,0,-12.3609
1,0.530165,2,3,0,-12.4717
0.657258,0.476161,2,3,0,-12.6987
0.900284,0.51404,2,3,0,-12.7467
0.837529,0.529165,3,7,0,-13.0995
1,0.615833,2,3,0,-13.4695
0.871047,0.650086,3,7,0,-12.0146
0.483304,0.512196,1,1,0,-12.0146
0.982222,0.587973,2,3,0,-12.5276
0.0979274,0.346693,2,3,0,-12.5276
0.997643,0.402663,3,7,0,-11.7156
0.933433,0.445526,3,7,0,-12.0503
1,0.518167,1,1,0,-11.6958
0.825802,0.528635,3,7,0,-12.2318
0.82414,0.538626,3,7,0,-12.9261
0.59645,0.462643,2,3,0,-12.267
0.993176,0.535087,3,5,0,-11.5791
0.548245,0.443403,1,1,0,-12.6032
0.976988,0.50657,3,7,0,-12.8791
0.954529,0.568991,2,3,0,-12.6071
0.277077,0.385138,3,7,0,-13.4881
1,0.447551,4,11,0,-12.0886
0.949873,0.500876,3,5,0,-11.823
0.797235,0.500163,3,7,0,-13.5049
0.891283,0.535714,3,7,0,-12.6894
1,0.622125,3,7,0,-11.6943
0.698267,0.577039,3,7,0,-12.0208
0.993864,0.666892,2,3,0,-11.6812
0.453921,0.515867,2,3,0,-12.6714
1,0.598844,2,3,0,-11.9339
0.605524,0.518618,1,1,0,-12.8508
0.713753,0.486776,3,7,0,-12.3381
1,0.564922,1,1,0,-11.9169
0.752679,0.545762,2,3,0,-11.9851
0.119306,0.329945,2,3,0,-13.2558
0.897776,0.355014,3,7,0,-12.5694
1,0.411928,4,11,0,-11.6373
0.891627,0.441106,3,7,0,-12.0816
0.679372,0.403814,3,7,0,-12.8065
0.974002,0.45947,3,7,0,-13.0728
1,0.532819,2,3,0,-12.6196
0.995438,0.61568,3,7,0,-11.7334
0.454125,0.477514,1,1,0,-12.9848
1,0.553562,2,3,0,-13.2948
1,0.641592,2,3,0,-12.7377
1,0.743474,1,1,0,-11.9211
0.675853,0.678945,3,5,0,-11.9211
0.58792,0.581352,2,3,0,-13.3799
0.935014,0.642174,3,7,0,-13.3401
0.661954,0.580658,2,3,0,-18.1691
1,0.672575,2,3,0,-14.8087
0.502733,0.541325,2,3,0,-12.9397
0.882727,0.575402,2,3,0,-13.0984
0.810063,0.579949,2,3,0,-13.764
0.00505152,0.324718,3,7,0,-18.3388
0.824475,0.330867,3,7,0,-14.0591
0.956839,0.371287,2,3,0,-13.8739
1,0.429893,2,3,0,-14.5697
0.869983,0.452692,3,7,0,-12.6771
1,0.523976,1,1,0,-11.7764
0.417275,0.396888,3,7,0,-13.6942
0.995862,0.457957,3,5,0,-11.5974
0.416837,0.346929,2,3,0,-11.5974
0.913252,0.376973,3,7,0,-12.1104
0.962537,0.424481,2,3,0,-11.9853
1,0.491059,3,7,0,-11.6603
0.731272,0.467494,2,3,0,-13.2821
0.968923,0.528651,2,3,0,-13.1015
0.959856,0.593804,2,3,0,-11.5715
0.686626,0.547336,2,3,0,-12.9163
1,0.632775,1,1,0,-11.7981
0.454512,0.493283,2,3,0,-13.5715
1,0.570215,2,3,0,-13.2396
1,0.659021,1,1,0,-11.6617
0.719627,0.622191,2,3,0,-11.6617
0.673068,0.568091,2,3,0,-12.6433
1,0.656382,3,5,0,-12.2104
0.726687,0.622925,1,1,0,-12.2104
1,0.71956,2,3,0,-11.9534
0.431243,0.552303,1,1,0,-11.9534
0.900172,0.593796,3,7,0,-11.7116
0.980422,0.676178,2,3,0,-11.7514
0.874912,0.71377,2,3,0,-12.1956
0.592929,0.615571,2,3,0,-12.4176
0.0894733,0.370269,3,5,0,-13.902
0.998999,0.427268,1,1,0,-14.1409
1,0.493304,2,3,0,-13.9426
1,0.569441,3,7,0,-13.2339
0.948637,0.633536,3,5,0,-12.068
1,0.731066,3,5,0,-11.6578
0.0390079,0.424969,3,7,0,-11.6578
0.9982,0.489798,3,7,0,-11.7035
0.419307,0.373671,2,3,0,-11.7035
0.988336,0.427618,3,7,0,-11.7987
0.940127,0.47277,3,7,0,-12.2405
0.968157,0.533145,2,3,0,-12.3834
0.914037,0.578459,2,3,0,-14.3491
0.799859,0.578682,2,3,0,-14.5996
1,0.667262,1,1,0,-13.7866
0.341412,0.482179,2,3,0,-16.9834
0.988903,0.551594,3,7,0,-16.8236
1,0.635874,1,1,0,-14.3675
1,0.732902,3,7,0,-12.5825
0.767298,0.716379,2,3,0,-13.8226
0.511116,0.584234,2,3,0,-11.7399
0.861463,0.610456,2,3,0,-12.0864
1,0.703373,2,3,0,-12.0427
1,0.810289,1,1,0,-11.7088
0.00535731,0.462759,2,3,0,-11.7088
0.856914,0.481998,4,15,0,-11.7088
0.984447,0.549197,3,5,0,-11.8303
0.993685,0.629747,2,3,0,-11.6375
0.0277405,0.365924,2,3,0,-11.6375
0.995243,0.420086,2,3,0,-11.7103
0.871249,0.441951,3,5,0,-13.5788
0.956269,0.493527,2,3,0,-13.6557
0.836421,0.506594,2,3,0,-12.383
0.783825,0.501158,2,3,0,-12.383
0.975999,0.567278,3,7,0,-11.8951
1,0.652908,1,1,0,-11.7484
0.328881,0.469661,3,7,0,-11.7484
0.914056,0.50898,2,3,0,-12.3196
0.821036,0.516806,1,1,0,-12.9409
1,0.594646,1,1,0,-12.1028
0.994096,0.681279,2,3,0,-11.9182
1,0.783626,1,1,0,-11.5778
0.00489879,0.450164,3,7,0,-11.5778
0.945491,0.498525,3,5,0,-11.7499
0.699041,0.464925,2,3,0,-12.7883
1,0.534712,2,3,0,-11.6222
0.730037,0.509566,3,7,0,-13.0103
0.992886,0.583029,3,7,0,-12.1359
0.767296,0.570189,2,3,0,-14.1859
0.865367,0.596956,3,7,0,-12.4824
1,0.686167,2,3,0,-11.7603
0.661494,0.623529,2,3,0,-11.7603
1,0.716571,1,1,0,-11.7408
0.129919,0.450567,1,1,0,-11.7408
0.782469,0.445403,3,7,0,-12.9485
1,0.51184,3,7,0,-12.4478
0.913148,0.553802,3,7,0,-13.4881
0.7484,0.534657,2,3,0,-12.467
1,0.614187,2,3,0,-12.0598
0.279794,0.429044,2,3,0,-11.7697
0.980488,0.486256,3,7,0,-12.0432
0.809535,0.489739,1,1,0,-12.5239
0.982335,0.555624,2,3,0,-12.0785
0.880579,0.587617,4,11,0,-12.1155
0.981407,0.666073,3,7,0,-12.2812
0.615557,0.586915,3,7,0,-13.0388
1,0.673737,3,5,0,-12.0566
0.979469,0.762444,3,7,0,-12.4229
0.216205,0.510758,1,1,0,-12.4229
0.940758,0.562861,2,3,0,-12.1061
0.922771,0.612602,2,3,0,-12.2013
0.417487,0.471494,3,7,0,-12.2319
0.997244,0.540027,2,3,0,-12.1321
0.280016,0.37844,2,3,0,-15.3156
0.996554,0.433229,3,7,0,-13.8623
0.972154,0.487665,2,3,0,-12.6721
0.409006,0.3735,3,7,0,-14.7459
1,0.428483,4,11,0,-21.3211
1,0.491481,3,7,0,-23.2626
1,0.563651,3,7,0,-20.7388
0.926293,0.614632,3,7,0,-18.5496
1,0.704682,3,7,0,-15.2011
0.511586,0.579186,2,3,0,-12.8863
0.9035,0.621744,3,5,0,-12.4498
0.465714,0.495464,2,3,0,-12.1279
1,0.567945,1,1,0,-11.9641
1,0.650926,2,3,0,-12.213
0.00109426,0.378481,2,3,0,-12.213
0.916411,0.409883,3,7,0,-12.3552
0.993848,0.467791,3,7,0,-12.6999
0.405315,0.358161,2,3,0,-12.6999
1,0.410439,1,1,0,-12.2879
0.894035,0.437707,2,3,0,-12.0697
0.957614,0.487276,2,3,0,-12.7622
0.966295,0.545587,2,3,0,-12.6474
0.199913,0.36381,2,3,0,-12.6474
0.907581,0.391516,4,11,0,-12.1282
0.959911,0.436452,2,3,0,-12.5284
0.643278,0.392879,2,3,0,-12.9962
0.977,0.442993,2,3,0,-12.5133
1,0.507235,2,3,0,-12.1303
0.979056,0.572567,3,7,0,-12.9747
0.906227,0.615297,1,1,0,-13.5386
1,0.704232,3,5,0,-12.556
0.347508,0.519607,1,1,0,-12.556
0.763164,0.507149,2,3,0,-12.0737
0.54929,0.428749,3,7,0,-13.2741
0.968312,0.48034,1,1,0,-13.3459
0.579648,0.414532,2,3,0,-13.2203
1,0.474337,1,1,0,-13.0192
0.925028,0.516088,2,3,0,-15.7835
0.877973,0.544035,2,3,0,-14.9445
1,0.622287,1,1,0,-14.2056
1,0.711687,2,3,0,-13.4788
1,0.813808,3,7,0,-13.3853
0.00534402,0.478545,2,3,0,-13.3853
1,0.547251,3,5,0,-12.4211
0.673414,0.503127,1,1,0,-13.9641
1,0.57526,3,5,0,-13.5766
1,0.657637,3,7,0,-15.1189
0.996644,0.750018,2,3,0,-12.8498
1,0.857166,1,1,0,-12.2278
0.120341,0.545262,1,1,0,-12.2278
0.510849,0.45002,1,1,0,-12.2278
0.988647,0.510471,3,7,0,-14.1659
0.676555,0.470486,2,3,0,-13.3718
0.907599,0.505625,2,3,0,-12.7768
0.838722,0.519054,2,3,0,-11.7971
0.9932,0.590349,3,7,0,-11.7883
0.954484,0.654322,3,7,0,-12.2611
0.564403,0.559904,1,1,0,-13.7405
0.691557,0.521314,1,1,0,-15.8287
1,0.595426,3,7,0,-17.4992
0.628183,0.531639,3,7,0,-11.9787
0.715848,0.503088,1,1,0,-11.9787
0.982905,0.568038,2,3,0,-12.0467
0.0782954,0.35274,2,3,0,-14.6107
1,0.402826,2,3,0,-12.4883
0.783371,0.398675,1,1,0,-12.4883
0.994253,0.453464,2,3,0,-11.5995
0.60058,0.397813,3,7,0,-13.6517
0.963303,0.443287,2,3,0,-12.5696
0.994476,0.504146,2,3,0,-11.6144
0.52016,0.419536,3,7,0,-11.6144
0.984064,0.473825,2,3,0,-11.7697
0.955807,0.525218,3,5,0,-11.5866
0.994146,0.596975,2,3,0,-11.6255
0.543711,0.504683,3,7,0,-13.3246
0.98977,0.571922,3,7,0,-13.5381
0.72609,0.545078,2,3,0,-11.7899
0.726648,0.51971,2,3,0,-11.8995
0.999495,0.592588,3,7,0,-11.9651
0.800594,0.593056,2,3,0,-12.2788
0.478213,0.480585,3,7,0,-11.7719
0.847909,0.496144,3,7,0,-11.7719
0.346742,0.369044,2,3,0,-13.6086
1,0.420861,4,15,0,-16.5086
1,0.479887,4,15,0,-14.8889
0.964207,0.534476,3,7,0,-15.1322
0.9647,0.595397,2,3,0,-14.8308
0.579274,0.515762,3,7,0,-12.3499
0.87535,0.541985,2,3,0,-12.3488
0.581294,0.470207,2,3,0,-14.5209
1,0.535897,3,7,0,-13.7594
1,0.61068,2,3,0,-12.8166
0.680804,0.565329,2,3,0,-13.6758
1,0.644111,1,1,0,-11.7188
0.559878,0.55124,3,5,0,-13.196
0.513771,0.457917,2,3,0,-12.6579
0.999231,0.52142,3,7,0,-12.6823
0.676225,0.481403,1,1,0,-12.6823
1,0.548347,2,3,0,-13.1172
1,0.624514,2,3,0,-12.4338
0.823329,0.634255,3,7,0,-13.3446
0.963531,0.705348,2,3,0,-11.8279
0.0365104,0.43048,2,3,0,-11.8279
0.647213,0.39019,3,7,0,-12.1794
0.994532,0.442748,2,3,0,-11.8862
0.917864,0.478042,2,3,0,-11.6007
0.241251,0.333406,2,3,0,-14.4747
0.898704,0.355583,3,7,0,-15.4498
1,0.404818,4,15,0,-17.0753
0.960644,0.449262,3,7,0,-15.674
1,0.511337,2,3,0,-17.5668
1,0.581911,2,3,0,-15.3391
1,0.662136,1,1,0,-13.1274
0.485599,0.541042,2,3,0,-12.9904
0.900929,0.577576,3,7,0,-12.0493
0.170707,0.385575,2,3,0,-13.6198
0.953774,0.425871,2,3,0,-13.7267
1,0.4845,1,1,0,-12.4305
0.952647,0.534629,3,7,0,-14.0757
0.54875,0.455248,2,3,0,-14.0757
0.966698,0.506861,2,3,0,-14.1264
0.324531,0.37391,4,15,0,-11.7203
0.934052,0.407684,3,7,0,-12.549
1,0.463634,2,3,0,-12.0787
0.98222,0.52123,2,3,0,-11.7191
0.899249,0.555633,3,7,0,-11.7956
0.997075,0.630483,2,3,0,-11.7061
1,0.716662,1,1,0,-11.6124
0.409854,0.55879,2,3,0,-11.6124
0.356666,0.42126,2,3,0,-11.7882
0.993583,0.476889,3,7,0,-11.6735
0.49674,0.393245,3,7,0,-11.8884
0.780407,0.388594,2,3,0,-12.6952
1,0.441645,2,3,0,-11.7435
0.762269,0.431391,2,3,0,-11.8143
0.654258,0.393399,3,7,0,-14.8189
1,0.447016,2,3,0,-12.9491
0.970453,0.498426,2,3,0,-12.5912
0.909765,0.534671,3,7,0,-11.5706
0.738781,0.514506,2,3,0,-11.7736
0.965591,0.571776,2,3,0,-11.9322
0.587393,0.499835,1,1,0,-12.8281
1,0.56767,1,1,0,-12.1537
0.783685,0.562054,2,3,0,-14.035
0.7353,0.539703,2,3,0,-12.0504
0.735435,0.518306,2,3,0,-12.7265
0.88944,0.548726,3,7,0,-11.7343
0.609122,0.486529,3,7,0,-15.4083
1,0.552354,3,7,0,-15.0058
0.994825,0.624958,3,7,0,-12.3092
1,0.709334,2,3,0,-11.6122
0.415925,0.556793,3,5,0,-11.6122
0.963012,0.617348,2,3,0,-11.5977
0.959311,0.682822,3,5,0,-11.6758
0.709067,0.644985,3,7,0,-11.7389
0.543649,0.548988,3,7,0,-11.963
0.733251,0.52661,3,7,0,-13.8301
1,0.597494,3,5,0,-14.2002
0.668415,0.550235,2,3,0,-11.8015
0.209872,0.379844,2,3,0,-15.8863
1,0.430961,3,5,0,-14.6591
0.995893,0.487638,1,1,0,-15.1896
0.616203,0.434702,4,15,0,-14.9178
1,0.493077,2,3,0,-12.7849
0.36273,0.374992,2,3,0,-12.7849
0.962576,0.415465,3,7,0,-13.8984
0.99986,0.471138,4,15,0,-12.8701
0.923617,0.5093,3,7,0,-11.736
0.98427,0.571812,3,7,0,-12.7118
0.982149,0.513919,1,1,0,-12.7989
0.895779,0.513919,4,15,0,-13.7857
1,0.513919,2,3,0,-13.0495
0.985976,0.513919,2,3,0,-12.1271
0.95325,0.513919,1,1,0,-12.2707
0.236121,0.513919,2,3,0,-12.2707
0.996381,0.513919,2,3,0,-11.7512
0.968675,0.513919,3,7,0,-11.9718
0.974915,0.513919,2,3,0,-12.008
0.772283,0.513919,3,5,0,-11.9642
0.98086,0.513919,3,5,0,-11.6119
0.983086,0.513919,3,7,0,-11.6527
0.782687,0.513919,2,3,0,-11.9538
0.722214,0.513919,3,7,0,-12.3205
1,0.513919,2,3,0,-12.0846
0.989151,0.513919,2,3,0,-12.1432
1,0.513919,2,3,0,-11.8254
0.840138,0.513919,2,3,0,-11.7542
0.893322,0.513919,2,3,0,-11.8535
0.997066,0.513919,2,3,0,-11.7148
0.922455,0.513919,2,3,0,-11.5789
0.948249,0.513919,3,5,0,-11.7223
1,0.513919,2,3,0,-11.8031
0.919592,0.513919,2,3,0,-11.8089
0.897304,0.513919,2,3,0,-12.1894
0.942536,0.513919,2,3,0,-12.119
1,0.513919,2,3,0,-11.6001
0.829125,0.513919,3,5,0,-12.2497
0.824001,0.513919,2,3,0,-12.5865
0.98797,0.513919,2,3,0,-13.6432
1,0.513919,2,3,0,-12.0985
0.874351,0.513919,3,7,0,-12.7466
0.778307,0.513919,2,3,0,-13.9647
1,0.513919,3,7,0,-13.062
0.878966,0.513919,4,15,0,-14.7956
0.938315,0.513919,2,3,0,-14.8476
1,0.513919,2,3,0,-15.7531
0.746391,0.513919,2,3,0,-12.2733
0.951509,0.513919,3,7,0,-12.3738
1,0.513919,1,1,0,-11.7984
0.794791,0.513919,3,7,0,-12.7523
1,0.513919,3,7,0,-12.3269
0.999439,0.513919,3,7,0,-11.6932
0.792789,0.513919,2,3,0,-12.3621
0.796394,0.513919,3,7,0,-14.0134
0.778662,0.513919,4,15,0,-14.8351
1,0.513919,1,1,0,-14.591
1,0.513919,3,7,0,-14.3941
0.96865,0.513919,3,7,0,-14.2938
0.994352,0.513919,1,1,0,-14.6013
0.994923,0.513919,1,1,0,-15.0022
1,0.513919,2,3,0,-16.6188
1,0.513919,2,3,0,-18.3846
0.959256,0.513919,1,1,0,-17.486
0.992175,0.513919,2,3,0,-15.6419
1,0.513919,3,7,0,-17.1992
0.413129,0.513919,4,15,0,-12.9531
0.999239,0.513919,2,3,0,-12.4033
0.835128,0.513919,1,1,0,-12.4033
1,0.513919,1,1,0,-12.0358
0.768155,0.513919,3,7,0,-12.0358
0.902234,0.513919,2,3,0,-12.6873
0.810955,0.513919,4,9,0,-14.0864
0.999782,0.513919,3,7,0,-13.7904
0.996996,0.513919,2,3,0,-13.1745
1,0.513919,2,3,0,-12.5769
0.996218,0.513919,3,7,0,-11.6926
0.518402,0.513919,4,15,0,-13.4624
1,0.513919,2,3,0,-14.0198
0.690876,0.513919,4,11,0,-14.7373
0.631393,0.513919,4,11,0,-14.5392
0.926347,0.513919,3,7,0,-13.4767
0.93681,0.513919,2,3,0,-13.4216
0.993158,0.513919,2,3,0,-13.7963
0.936685,0.513919,4,11,0,-12.3602
0.979693,0.513919,2,3,0,-11.7831
0.539786,0.513919,2,3,0,-11.7831
0.698201,0.513919,3,7,0,-12.0655
0.976419,0.513919,2,3,0,-11.7264
0.898571,0.513919,2,3,0,-12.0059
0.91125,0.513919,3,7,0,-13.2791
0.985472,0.513919,1,1,0,-13.4897
1,0.513919,3,7,0,-11.9206
0.884959,0.513919,2,3,0,-11.7585
0.932511,0.513919,1,1,0,-11.9234
0.741493,0.513919,2,3,0,-12.3904
0.994539,0.513919,3,5,0,-11.9226
0.849939,0.513919,2,3,0,-12.5493
0.87709,0.513919,2,3,0,-14.4141
0.903594,0.513919,3,7,0,-15.3283
0.939512,0.513919,2,3,0,-12.8709
0.984302,0.513919,2,3,0,-12.1087
0.453575,0.513919,4,15,0,-14.8247
0.785627,0.513919,2,3,0,-13.9566
1,0.513919,2,3,0,-14.2088
1,0.513919,2,3,0,-12.1509
0.700748,0.513919,3,7,0,-13.1998
0.964619,0.513919,3,5,0,-14.8266
0.984078,0.513919,2,3,0,-14.8092
0.983675,0.513919,3,7,0,-12.5153
1,0.513919,2,3,0,-11.6534
0.992298,0.513919,2,3,0,-11.8983
0.892225,0.513919,3,5,0,-13.0377
0.98214,0.513919,1,1,0,-13.1797
0.92121,0.513919,3,7,0,-13.6814
0.99217,0.513919,3,7,0,-13.9215
1,0.513919,2,3,0,-12.8361
0.975713,0.513919,2,3,0,-12.3346
0.978903,0.513919,2,3,0,-11.9833
0.989631,0.513919,2,3,0,-11.6974
0.734952,0.513919,2,3,0,-12.8541
0.999869,0.513919,2,3,0,-13.348
0.962533,0.513919,2,3,0,-13.2485
1,0.513919,2,3,0,-12.1888
0.998561,0.513919,3,7,0,-12.1457
1,0.513919,2,3,0,-12.2107
0.996849,0.513919,3,7,0,-12.1143
1,0.513919,1,1,0,-12.1191
0.999842,0.513919,3,7,0,-11.9491
0.829872,0.513919,3,7,0,-13.0081
1,0.513919,3,7,0,-12.7797
0.676584,0.513919,3,5,0,-12.3977
0.994491,0.513919,2,3,0,-11.5968
0.875778,0.513919,2,3,0,-12.0778
1,0.513919,2,3,0,-11.957
0.890589,0.513919,2,3,0,-11.6396
0.994629,0.513919,2,3,0,-11.7261
0.964284,0.513919,2,3,0,-12.1211
0.789097,0.513919,3,5,0,-12.2197
0.934775,0.513919,3,5,0,-12.8891
0.955536,0.513919,2,3,0,-12.5892
0.994346,0.513919,3,7,0,-12.6401
1,0.513919,2,3,0,-12.6008
0.897916,0.513919,3,7,0,-12.5721
1,0.513919,2,3,0,-12.1971
0.990907,0.513919,2,3,0,-12.0985
0.983442,0.513919,2,3,0,-12.6365
0.953553,0.513919,2,3,0,-13.6915
0.835117,0.513919,2,3,0,-13.6915
0.897418,0.513919,3,7,0,-11.8757
1,0.513919,3,7,0,-11.6535
0.87284,0.513919,3,7,0,-12.0625
1,0.513919,2,3,0,-11.6947
0.963529,0.513919,3,7,0,-11.77
0.644135,0.513919,3,7,0,-13.9584
1,0.513919,2,3,0,-13.3328
0.968265,0.513919,2,3,0,-12.9376
0.916011,0.513919,1,1,0,-13.6047
0.890082,0.513919,2,3,0,-13.4097
1,0.513919,2,3,0,-14.2712
1,0.513919,3,7,0,-14.6848
1,0.513919,2,3,0,-13.9309
0.689657,0.513919,2,3,0,-14.2551
1,0.513919,2,3,0,-13.9647
0.997368,0.513919,3,7,0,-12.4523
0.903822,0.513919,2,3,0,-13.464
1,0.513919,1,1,0,-13.2099
0.992162,0.513919,2,3,0,-12.7679
0.739746,0.513919,2,3,0,-12.7679
0.914208,0.513919,3,7,0,-13.5882
0.96323,0.513919,3,7,0,-13.9514
1,0.513919,2,3,0,-12.308
1,0.513919,1,1,0,-11.6753
0.885876,0.513919,3,7,0,-13.4475
0.941659,0.513919,3,7,0,-13.765
0.997743,0.513919,2,3,0,-12.3082
0.963841,0.513919,2,3,0,-13.095
0.950656,0.513919,2,3,0,-12.3588
0.985718,0.513919,2,3,0,-12.2179
0.646637,0.513919,3,5,0,-12.1921
0.85493,0.513919,2,3,0,-13.8511
1,0.513919,1,1,0,-12.98
1,0.513919,3,7,0,-11.751
0.982458,0.513919,3,7,0,-11.8922
0.993296,0.513919,3,7,0,-11.8342
0.789987,0.513919,3,7,0,-12.7404
1,0.513919,1,1,0,-12.5948
1,0.513919,2,3,0,-12.6354
0.313787,0.513919,2,3,0,-14.5972
1,0.513919,2,3,0,-14.8418
1,0.513919,3,7,0,-12.6067
0.98675,0.513919,2,3,0,-12.4353
0.990072,0.513919,3,7,0,-13.998
0.987909,0.513919,2,3,0,-14.6385
1,0.513919,2,3,0,-14.3349
0.920667,0.513919,4,15,0,-12.45
0.993051,0.513919,2,3,0,-12.2304
0.933902,0.513919,3,7,0,-13.9117
0.99105,0.513919,4,11,0,-13.0123
0.995062,0.513919,2,3,0,-11.9846
0.855788,0.513919,2,3,0,-12.0962
0.900935,0.513919,1,1,0,-12.4006
0.996845,0.513919,3,7,0,-12.7343
0.910744,0.513919,2,3,0,-13.0406
0.961606,0.513919,1,1,0,-13.2803
0.956027,0.513919,3,7,0,-16.0893
1,0.513919,1,1,0,-15.9192
1,0.513919,2,3,0,-15.1381
0.622317,0.513919,2,3,0,-17.7342
1,0.513919,3,7,0,-15.7377
1,0.513919,1,1,0,-14.009
1,0.513919,2,3,0,-12.9545
0.98645,0.513919,3,7,0,-12.3776
0.310236,0.513919,2,3,0,-14.5476
0.825593,0.513919,2,3,0,-14.8935
1,0.513919,2,3,0,-13.1663
0.96723,0.513919,2,3,0,-14.016
1,0.513919,2,3,0,-12.9429
0.776519,0.513919,3,7,0,-12.7504
0.988959,0.513919,3,7,0,-12.2475
0.963117,0.513919,3,7,0,-11.7414
0.941845,0.513919,3,7,0,-11.6618
0.995112,0.513919,1,1,0,-11.6725
0.500898,0.513919,2,3,0,-13.6821
0.91416,0.513919,2,3,0,-13.2812
1,0.513919,2,3,0,-12.5778
0.900703,0.513919,2,3,0,-12.5062
0.882236,0.513919,3,7,0,-12.6608
0.0931166,0.513919,2,3,0,-12.6608
0.986906,0.513919,3,7,0,-11.5984
0.968939,0.513919,3,5,0,-11.669
0.856634,0.513919,2,3,0,-12.1136
0.985276,0.513919,3,7,0,-11.9451
0.962836,0.513919,3,7,0,-13.1582
0.995237,0.513919,2,3,0,-13.4775
0.968779,0.513919,2,3,0,-14.3456
1,0.513919,2,3,0,-14.0918
1,0.513919,2,3,0,-13.84
1,0.513919,2,3,0,-14.0775
0.925449,0.513919,2,3,0,-14.4371
0.992877,0.513919,3,7,0,-13.2096
0.979287,0.513919,2,3,0,-14.5371
1,0.513919,2,3,0,-12.9467
1,0.513919,3,7,0,-12.4606
0.855716,0.513919,1,1,0,-13.0014
0.991845,0.513919,4,15,0,-12.3059
0.956263,0.513919,2,3,0,-12.9846
1,0.513919,3,7,0,-12.6472
0.995123,0.513919,3,7,0,-11.938
0.994844,0.513919,3,7,0,-11.5671
0.990771,0.513919,2,3,0,-11.6078
0.885679,0.513919,2,3,0,-11.6279
0.940562,0.513919,1,1,0,-11.7846
0.316793,0.513919,2,3,0,-11.7846
1,0.513919,3,7,0,-11.7474
0.983668,0.513919,3,7,0,-11.6529
0.672934,0.513919,3,7,0,-11.9868
0.599359,0.513919,2,3,0,-13.7498
0.982847,0.513919,3,7,0,-17.4753
0.976533,0.513919,3,7,0,-17.1675
0.926155,0.513919,3,7,0,-15.1461
1,0.513919,4,11,0,-14.5183
0.971373,0.513919,1,1,0,-14.8977
1,0.513919,2,3,0,-14.0219
0.995602,0.513919,2,3,0,-13.0125
0.928008,0.513919,3,7,0,-11.6331
0.97524,0.513919,3,7,0,-12.228
0.972214,0.513919,4,15,0,-11.8092
0.985587,0.513919,3,7,0,-12.325
0.80044,0.513919,4,11,0,-13.0734
0.93046,0.513919,2,3,0,-12.3149
0.990761,0.513919,3,7,0,-11.8192
0.471825,0.513919,2,3,0,-13.6185
0.977492,0.513919,3,7,0,-14.3687
1,0.513919,2,3,0,-13.4876
0.941755,0.513919,2,3,0,-14.5878
0.982396,0.513919,1,1,0,-14.9451
0.795985,0.513919,2,3,0,-11.9355
0.965434,0.513919,2,3,0,-12.6224
0.992555,0.513919,3,7,0,-12.0047
0.91729,0.513919,2,3,0,-12.5483
1,0.513919,2,3,0,-11.7236
0.863347,0.513919,3,5,0,-11.8798
0.658729,0.513919,4,15,0,-12.5983
0.798297,0.513919,3,7,0,-12.5983
0.99567,0.513919,2,3,0,-11.7216
1,0.513919,3,7,0,-11.6292
0.995852,0.513919,3,5,0,-11.6622
0.981134,0.513919,3,7,0,-11.6591
0.97035,0.513919,3,7,0,-12.0595
0.424531,0.513919,2,3,0,-13.6711
1,0.513919,3,5,0,-11.6496
0.967513,0.513919,3,7,0,-12.0464
0.988594,0.513919,2,3,0,-12.4359
0.853663,0.513919,2,3,0,-12.4359
0.965137,0.513919,3,7,0,-11.8239
0.920147,0.513919,2,3,0,-12.2293
0.990372,0.513919,3,7,0,-11.7026
0.921528,0.513919,2,3,0,-11.7026
0.787927,0.513919,3,7,0,-12.374
1,0.513919,1,1,0,-12.204
0.98082,0.513919,3,7,0,-11.6944
0.997857,0.513919,2,3,0,-11.7748
0.916477,0.513919,2,3,0,-12.275
0.551499,0.513919,4,15,0,-13.813
0.874083,0.513919,3,7,0,-14.517
1,0.513919,3,7,0,-14.0616
0.999245,0.513919,3,7,0,-14.1598
1,0.513919,1,1,0,-13.2005
0.869187,0.513919,2,3,0,-14.4204
0.986807,0.513919,3,7,0,-15.1496
0.984042,0.513919,2,3,0,-15.5464
0.981078,0.513919,4,11,0,-13.9567
1,0.513919,3,7,0,-12.6478
0.980178,0.513919,2,3,0,-12.6614
0.992887,0.513919,1,1,0,-12.732
0.481132,0.513919,2,3,0,-13.5996
1,0.513919,2,3,0,-13.4413
1,0.513919,2,3,0,-13.6087
0.951233,0.513919,3,7,0,-13.9272
1,0.513919,3,7,0,-13.6044
1,0.513919,3,5,0,-11.9568
0.896579,0.513919,3,7,0,-12.3185
0.0988356,0.513919,4,15,0,-12.3481
0.8692,0.513919,4,15,0,-12.0524
0.801755,0.513919,2,3,0,-12.9546
0.974186,0.513919,3,7,0,-12.5974
0.929982,0.513919,3,7,0,-14.37
0.942581,0.513919,4,15,0,-11.9105
0.732293,0.513919,3,7,0,-12.5484
1,0.513919,2,3,0,-12.0443
0.927258,0.513919,2,3,0,-12.5917
0.991196,0.513919,2,3,0,-11.9104
1,0.513919,1,1,0,-11.7291
0.810547,0.513919,1,1,0,-12.3835
0.453041,0.513919,2,3,0,-14.7385
1,0.513919,1,1,0,-14.4687
1,0.513919,2,3,0,-14.6403
0.996808,0.513919,1,1,0,-15.2911
1,0.513919,3,7,0,-15.572
0.295117,0.513919,4,11,0,-16.9238
1,0.513919,3,7,0,-17.3399
1,0.513919,2,3,0,-14.4062
1,0.513919,3,7,0,-13.0278
0.934248,0.513919,3,7,0,-15.1971
0.930244,0.513919,2,3,0,-13.9576
1,0.513919,2,3,0,-12.8763
0.712811,0.513919,3,7,0,-14.5959
0.956198,0.513919,3,7,0,-13.1431
0.754431,0.513919,2,3,0,-13.9621
1,0.513919,2,3,0,-13.0729
0.990695,0.513919,3,7,0,-13.0166
0.833294,0.513919,2,3,0,-14.3612
1,0.513919,2,3,0,-13.3517
0.968083,0.513919,1,1,0,-13.4727
1,0.513919,3,7,0,-11.7147
0.983159,0.513919,3,7,0,-11.9125
0.956008,0.513919,2,3,0,-12.1791
0.99535,0.513919,2,3,0,-11.8047
0.982492,0.513919,3,7,0,-11.5886
0.908501,0.513919,2,3,0,-11.9671
0.993578,0.513919,3,7,0,-12.6779
0.594863,0.513919,2,3,0,-12.2004
0.981658,0.513919,3,7,0,-13.3263
1,0.513919,4,15,0,-13.9151
0.979185,0.513919,2,3,0,-13.7618
0.994627,0.513919,2,3,0,-12.264
0.542129,0.513919,2,3,0,-12.264
0.943294,0.513919,2,3,0,-12.2919
0.811638,0.513919,2,3,0,-11.8391
0.963666,0.513919,3,7,0,-11.6522
0.926421,0.513919,3,7,0,-12.8848
0.976624,0.513919,2,3,0,-12.7077
0.762244,0.513919,3,7,0,-11.7909
0.317957,0.513919,3,5,0,-15.1156
1,0.513919,2,3,0,-13.502
1,0.513919,1,1,0,-13.3331
0.905359,0.513919,2,3,0,-15.1991
1,0.513919,3,7,0,-15.0093
0.987307,0.513919,2,3,0,-16.0694
0.970558,0.513919,5,23,0,-15.2485
1,0.513919,2,3,0,-13.6737
0.999546,0.513919,3,7,0,-12.9543
0.600743,0.513919,3,7,0,-16.7567
0.691447,0.513919,2,3,0,-13.027
0.976577,0.513919,3,7,0,-13.2817
1,0.513919,2,3,0,-12.2778
0.565226,0.513919,2,3,0,-13.6489
1,0.513919,2,3,0,-12.9803
1,0.513919,2,3,0,-13.3916
0.960123,0.513919,2,3,0,-11.9834
0.779142,0.513919,2,3,0,-11.5829
0.348385,0.513919,4,15,0,-11.5829
0.884407,0.513919,2,3,0,-11.7038
0.725171,0.513919,2,3,0,-11.8424
0.989712,0.513919,3,7,0,-12.1085
0.997432,0.513919,3,5,0,-11.6548
0.975337,0.513919,3,7,0,-11.727
0.978821,0.513919,3,7,0,-11.7014
0.356518,0.513919,2,3,0,-11.7014
0.799636,0.513919,3,7,0,-12.6861
0.978066,0.513919,2,3,0,-11.8157
0.984798,0.513919,3,7,0,-12.1485
0.989995,0.513919,3,7,0,-11.6181
0.759373,0.513919,2,3,0,-12.3686
0.99358,0.513919,2,3,0,-11.5867
0.979459,0.513919,3,5,0,-11.6308
0.900589,0.513919,2,3,0,-12.1963
0.975566,0.513919,3,5,0,-12.9512
0.991248,0.513919,1,1,0,-13.1175
1,0.513919,1,1,0,-12.6313
0.597037,0.513919,3,7,0,-14.3081
0.860385,0.513919,4,15,0,-11.7567
0.984145,0.513919,2,3,0,-11.5826
0.995384,0.513919,3,7,0,-11.7121
0.909397,0.513919,3,7,0,-12.4814
0.970044,0.513919,2,3,0,-11.8538
0.954972,0.513919,2,3,0,-12.4489
0.99821,0.513919,3,7,0,-11.5945
0.694719,0.513919,2,3,0,-12.7932
0.993271,0.513919,2,3,0,-11.8322
0.979345,0.513919,3,7,0,-11.6281
0.96331,0.513919,2,3,0,-12.0275
0.872756,0.513919,3,7,0,-12.7515
0.932183,0.513919,2,3,0,-13.8979
0.910353,0.513919,3,7,0,-16.0715
0.993001,0.513919,3,7,0,-12.8218
0.965497,0.513919,1,1,0,-13.1055
0.998058,0.513919,3,7,0,-13.6683
0.989429,0.513919,3,7,0,-11.7152
0.714796,0.513919,3,7,0,-13.6038
1,0.513919,3,7,0,-12.6043
1,0.513919,3,7,0,-13.5928
0.959569,0.513919,2,3,0,-14.4796
1,0.513919,3,7,0,-14.3876
0.931104,0.513919,2,3,0,-15.5332
1,0.513919,3,7,0,-13.1945
0.994722,0.513919,2,3,0,-13.1217
0.896628,0.513919,4,11,0,-13.5205
0.952328,0.513919,3,7,0,-11.9662
0.994521,0.513919,3,7,0,-12.1084
0.977781,0.513919,3,7,0,-13.1042
0.770576,0.513919,4,11,0,-12.7179
0.871601,0.513919,2,3,0,-14.6603
0.826917,0.513919,3,7,0,-16.1898
0.990853,0.513919,2,3,0,-13.0148
0.99506,0.513919,2,3,0,-12.7912
0.937451,0.513919,2,3,0,-12.943
1,0.513919,2,3,0,-12.8258
0.96823,0.513919,4,15,0,-12.9616
0.989788,0.513919,2,3,0,-12.2236
0.916527,0.513919,3,7,0,-11.983
0.810491,0.513919,1,1,0,-11.983
0.856872,0.513919,1,1,0,-12.5663
1,0.513919,1,1,0,-12.107
1,0.513919,2,3,0,-11.9973
0.948381,0.513919,4,15,0,-13.1277
1,0.513919,1,1,0,-12.7112
0.892111,0.513919,2,3,0,-13.1496
0.942014,0.513919,1,1,0,-13.361
0.974255,0.513919,2,3,0,-12.6068
0.983616,0.513919,3,7,0,-14.3893
0.968701,0.513919,3,7,0,-12.8851
0.924454,0.513919,3,7,0,-12.6649
0.990855,0.513919,3,7,0,-11.6815
0.980929,0.513919,3,7,0,-11.7151
0.884791,0.513919,2,3,0,-11.8861
0.611988,0.513919,3,7,0,-13.1199
0.902012,0.513919,2,3,0,-13.0311
0.829948,0.513919,2,3,0,-11.9824
0.781294,0.513919,2,3,0,-11.5935
0.949691,0.513919,3,7,0,-12.6886
0.94179,0.513919,3,7,0,-14.1649
1,0.513919,1,1,0,-13.9139
0.297052,0.513919,3,7,0,-13.9139
0.671355,0.513919,2,3,0,-13.9139
0.968739,0.513919,4,9,0,-12.8675
0.986464,0.513919,3,7,0,-12.3065
1,0.513919,2,3,0,-12.1956
0.958235,0.513919,2,3,0,-12.1484
0.999416,0.513919,3,7,0,-12.1138
0.750285,0.513919,2,3,0,-13.1578
1,0.513919,2,3,0,-12.5473
0.789768,0.513919,3,5,0,-13.703
0.617327,0.513919,3,7,0,-12.2845
1,0.513919,2,3,0,-11.5919
0.960763,0.513919,2,3,0,-11.5824
0.953534,0.513919,2,3,0,-11.7282
1,0.513919,2,3,0,-11.6343
0.666052,0.513919,3,7,0,-12.2396
0.987108,0.513919,3,7,0,-12.0306
0.894198,0.513919,3,7,0,-13.6686
0.862459,0.513919,1,1,0,-14.4269
0.97764,0.513919,3,7,0,-14.8991
0.759711,0.513919,3,7,0,-13.4665
0.904539,0.513919,1,1,0,-14.4725
0.950721,0.513919,2,3,0,-17.2731
0.294092,0.513919,3,7,0,-19.3049
0.947622,0.513919,2,3,0,-11.6846
0.855728,0.513919,3,7,0,-14.7188
0.963662,0.513919,4,15,0,-13.8621
0.93188,0.513919,3,7,0,-13.263
0.999706,0.513919,2,3,0,-11.9004
0.853623,0.513919,2,3,0,-12.7545
0.52165,0.513919,3,7,0,-12.7545
0.946574,0.513919,2,3,0,-12.4439
0.840576,0.513919,1,1,0,-13.1373
1,0.513919,3,5,0,-12.8744
0.992792,0.513919,3,5,0,-11.5838
0.974664,0.513919,3,7,0,-11.7505
0.932912,0.513919,1,1,0,-11.9223
0.649609,0.513919,2,3,0,-11.9223
0.963894,0.513919,2,3,0,-11.9897
0.983391,0.513919,2,3,0,-12.3
0.627272,0.513919,2,3,0,-14.4497
0.965967,0.513919,3,7,0,-11.9174
0.945286,0.513919,2,3,0,-12.5902
0.970276,0.513919,2,3,0,-12.2348
0.868425,0.513919,2,3,0,-12.1124
1,0.513919,1,1,0,-11.7079
0.984858,0.513919,2,3,0,-11.7655
0.958317,0.513919,3,7,0,-12.4475
0.991451,0.513919,3,7,0,-11.6988
0.969524,0.513919,3,7,0,-11.6732
1,0.513919,3,7,0,-11.5771
0.840203,0.513919,2,3,0,-12.1978
0.987664,0.513919,3,7,0,-12.2784
1,0.513919,1,1,0,-11.7053
0.972936,0.513919,3,5,0,-11.6919
0.897271,0.513919,3,7,0,-12.3685
0.978371,0.513919,2,3,0,-12.3008
0.904404,0.513919,3,5,0,-11.9397
0.993534,0.513919,3,7,0,-11.7303
0.859052,0.513919,3,7,0,-12.2452
0.942563,0.513919,2,3,0,-12.3743
0.894718,0.513919,2,3,0,-11.8879
0.354729,0.513919,3,7,0,-11.6561
0.90148,0.513919,2,3,0,-11.8595
0.870635,0.513919,2,3,0,-11.6984
0.987909,0.513919,3,7,0,-11.7723
0.935701,0.513919,3,7,0,-12.35
0.941243,0.513919,3,7,0,-11.7244
0.992147,0.513919,3,7,0,-11.6832
0.673359,0.513919,2,3,0,-11.6832
0.982999,0.513919,3,7,0,-11.98
0.749092,0.513919,2,3,0,-12.0026
0.940505,0.513919,3,7,0,-12.6719
0.991873,0.513919,2,3,0,-12.8282
0.997906,0.513919,3,7,0,-12.5483
0.882105,0.513919,2,3,0,-12.5483
0.645459,0.513919,2,3,0,-13.3717
0.897522,0.513919,2,3,0,-12.9012
0.984715,0.513919,3,7,0,-12.0558
0.78633,0.513919,2,3,0,-12.3904
0.754708,0.513919,1,1,0,-13.8199
1,0.513919,2,3,0,-12.8979
1,0.513919,2,3,0,-12.6478
0.88085,0.513919,2,3,0,-14.1899
0.821449,0.513919,3,5,0,-14.7062
0.693225,0.513919,4,11,0,-12.0072
0.984722,0.513919,3,7,0,-11.7873
0.966624,0.513919,2,3,0,-12.4889
1,0.513919,2,3,0,-12.0177
0.97815,0.513919,3,7,0,-11.6004
0.987897,0.513919,3,7,0,-11.6148
0.643619,0.513919,3,7,0,-12.0759
0.99361,0.513919,2,3,0,-12.2101
0.908128,0.513919,2,3,0,-11.6654
0.884664,0.513919,3,7,0,-12.2891
0.914707,0.513919,3,7,0,-12.7223
0.92308,0.513919,2,3,0,-12.7699
0.993983,0.513919,4,15,0,-14.8195
0.999473,0.513919,4,15,0,-13.3265
0.945176,0.513919,3,7,0,-12.3065
0.984017,0.513919,2,3,0,-12.8034
0.996519,0.513919,2,3,0,-13.2755
0.722659,0.513919,2,3,0,-13.2755
0.927405,0.513919,2,3,0,-13.3085
0.951523,0.513919,2,3,0,-13.8882
1,0.513919,4,15,0,-13.4495
0.998567,0.513919,3,7,0,-11.837
0.357426,0.513919,2,3,0,-11.837
0.993951,0.513919,3,5,0,-11.9768
0.895734,0.513919,2,3,0,-12.1641
0.997585,0.513919,3,5,0,-11.9223
0.954209,0.513919,3,7,0,-11.9074
0.708945,0.513919,2,3,0,-11.9074
0.955084,0.513919,2,3,0,-12.3911
0.727914,0.513919,3,5,0,-11.6075
0.886095,0.513919,2,3,0,-11.6075
0.895032,0.513919,1,1,0,-11.8809
0.963078,0.513919,2,3,0,-11.6125
0.779142,0.513919,3,7,0,-12.0143
0.972398,0.513919,3,7,0,-11.5997
0.805877,0.513919,2,3,0,-12.0066
0.871343,0.513919,3,7,0,-12.0066
1,0.513919,2,3,0,-11.844
0.939714,0.513919,3,7,0,-13.222
0.942386,0.513919,3,7,0,-11.6995
0.671424,0.513919,2,3,0,-12.7453
0.900784,0.513919,1,1,0,-13.4979
1,0.513919,4,15,0,-14.09
0.976187,0.513919,2,3,0,-11.9944
0.919908,0.513919,3,7,0,-13.4563
0.922796,0.513919,2,3,0,-14.1952
0.926272,0.513919,2,3,0,-13.4421
0.97163,0.513919,3,7,0,-12.4575
0.991939,0.513919,3,7,0,-12.1301
0.966938,0.513919,2,3,0,-12.5288
0.993796,0.513919,2,3,0,-12.3135
0.869211,0.513919,1,1,0,-12.8142
0.987788,0.513919,3,7,0,-11.6006
0.786807,0.513919,2,3,0,-11.6006
0.891357,0.513919,2,3,0,-11.7157
0.890049,0.513919,4,15,0,-14.1447
0.85602,0.513919,4,9,0,-14.5867
0.999616,0.513919,4,15,0,-12.679
0.815309,0.513919,2,3,0,-14.2211
1,0.513919,3,7,0,-13.4334
1,0.513919,3,5,0,-11.7233
0.875037,0.513919,3,7,0,-12.3347
0.954394,0.513919,2,3,0,-12.0941
1,0.513919,3,5,0,-12.1287
0.804969,0.513919,1,1,0,-13.0964
1,0.513919,1,1,0,-12.5743
1,0.513919,2,3,0,-11.7919
0.822703,0.513919,2,3,0,-11.7919
0.996899,0.513919,3,7,0,-11.6802
0.971072,0.513919,3,7,0,-11.6797
0.886679,0.513919,3,7,0,-14.3529
0.928042,0.513919,2,3,0,-15.2726
1,0.513919,4,11,0,-12.0998
0.305292,0.513919,2,3,0,-14.7521
0.807328,0.513919,2,3,0,-14.2578
1,0.513919,1,1,0,-13.3946
0.858975,0.513919,1,1,0,-14.5331
0.875308,0.513919,2,3,0,-12.5584
0.403531,0.513919,4,15,0,-12.5584
0.912244,0.513919,4,15,0,-11.7891
0.785028,0.513919,3,7,0,-12.117
0.972307,0.513919,3,7,0,-11.8841
0.297135,0.513919,3,5,0,-11.9182
0.920476,0.513919,3,7,0,-12.7861
0.82799,0.513919,2,3,0,-14.0128
0.981855,0.513919,2,3,0,-13.7807
0.844574,0.513919,3,7,0,-12.7872
0.966398,0.513919,2,3,0,-12.0602
0.94287,0.513919,3,7,0,-11.9536
0.756961,0.513919,3,5,0,-11.9536
0.734068,0.513919,2,3,0,-13.0553
0.992826,0.513919,4,15,0,-12.1753
0.988187,0.513919,3,7,0,-12.5684
0.90596,0.513919,2,3,0,-12.5817
0.986081,0.513919,2,3,0,-11.7658
0.983005,0.513919,3,7,0,-11.6255
0.818123,0.513919,2,3,0,-12.0723
1,0.513919,1,1,0,-11.8689
0.662924,0.513919,3,5,0,-11.7113
0.847134,0.513919,3,7,0,-12.5935
1,0.513919,1,1,0,-12.0136
0.985874,0.513919,2,3,0,-12.356
1,0.513919,2,3,0,-11.6992
0.997648,0.513919,1,1,0,-11.7072
0.237174,0.513919,2,3,0,-14.9988
1,0.513919,2,3,0,-12.6711
1,0.513919,2,3,0,-12.2117
0.994866,0.513919,4,15,0,-12.1683
0.309611,0.513919,2,3,0,-12.1683
0.911056,0.513919,3,7,0,-11.7839
0.71644,0.513919,3,7,0,-11.7839
0.978832,0.513919,3,7,0,-12.644
0.90286,0.513919,3,7,0,-11.6316
0.992081,0.513919,3,7,0,-11.6177
0.689362,0.513919,2,3,0,-12.3993
0.942475,0.513919,2,3,0,-13.0509
0.954349,0.513919,1,1,0,-13.299
1,0.513919,2,3,0,-12.979
1,0.513919,2,3,0,-12.5756
1,0.513919,2,3,0,-12.4902
0.989479,0.513919,2,3,0,-12.7272
0.72635,0.513919,4,11,0,-16.3516
0.970595,0.513919,3,7,0,-15.5324
0.999573,0.513919,3,7,0,-14.3476
0.91286,0.513919,3,7,0,-12.9259
1,0.513919,2,3,0,-11.8064
0.992827,0.513919,2,3,0,-11.7615
0.501782,0.513919,2,3,0,-11.7615
0.98394,0.513919,2,3,0,-11.9222
0.86648,0.513919,3,7,0,-11.7312
0.977479,0.513919,1,1,0,-11.7984
0.953233,0.513919,2,3,0,-12.1757
0.847873,0.513919,3,7,0,-14.8738
0.903722,0.513919,2,3,0,-14.1719
1,0.513919,2,3,0,-12.5855
0.925381,0.513919,2,3,0,-12.8163
1,0.513919,1,1,0,-12.1473
0.942249,0.513919,2,3,0,-11.5746
0.922568,0.513919,3,5,0,-11.8889
0.839803,0.513919,2,3,0,-11.8121
0.995145,0.513919,2,3,0,-12.0347
0.972062,0.513919,3,7,0,-12.2045
0.803683,0.513919,2,3,0,-11.7814
0.864187,0.513919,4,15,0,-15.4694
0.997253,0.513919,4,15,0,-12.8294
0.99519,0.513919,3,7,0,-12.1707
1,0.513919,1,1,0,-11.7658
0.701374,0.513919,2,3,0,-12.6305
1,0.513919,2,3,0,-11.7789
0.319836,0.513919,2,3,0,-14.2826
0.831889,0.513919,2,3,0,-11.7869
0.896772,0.513919,3,7,0,-11.7276
0.859454,0.513919,2,3,0,-11.9894
0.951281,0.513919,2,3,0,-11.8356
0.996016,0.513919,2,3,0,-11.8688
0.76419,0.513919,2,3,0,-11.9644
0.724368,0.513919,1,1,0,-13.1669
1,0.513919,3,7,0,-12.1762
0.915507,0.513919,3,7,0,-12.4055
1,0.513919,2,3,0,-11.7542
0.915486,0.513919,3,7,0,-12.2203
0.988326,0.513919,2,3,0,-12.4293
0.926075,0.513919,2,3,0,-11.8722
0.998481,0.513919,3,7,0,-12.0324
0.949175,0.513919,3,7,0,-11.8897
0.996958,0.513919,3,7,0,-11.6167
0.854033,0.513919,2,3,0,-12.1427
1,0.513919,1,1,0,-11.7456
1,0.513919,3,7,0,-11.6167
0.621208,0.513919,2,3,0,-12.9401
0.991408,0.513919,3,7,0,-11.8664
0.717146,0.513919,2,3,0,-12.9679
0.969082,0.513919,2,3,0,-12.2041
0.965324,0.513919,2,3,0,-12.0243
0.950451,0.513919,2,3,0,-12.4821
1,0.513919,2,3,0,-12.2167
0.986868,0.513919,4,15,0,-13.6854
0.669927,0.513919,2,3,0,-13.6854
0.931819,0.513919,2,3,0,-13.8612
0.994265,0.513919,3,7,0,-14.8353
1,0.513919,3,7,0,-12.9621
0.85766,0.513919,4,15,0,-12.7725
0.997501,0.513919,3,7,0,-12.4665
1,0.513919,2,3,0,-11.6842
0.905067,0.513919,1,1,0,-11.9753
0.854431,0.513919,3,7,0,-13.3139
0.990758,0.513919,4,15,0,-13.4621
0.998594,0.513919,1,1,0,-13.6138
0.956965,0.513919,2,3,0,-12.9701
0.930913,0.513919,4,15,0,-12.6113
1,0.513919,2,3,0,-12.0517
0.734427,0.513919,3,7,0,-11.9233
0.521026,0.513919,2,3,0,-11.9233
0.960167,0.513919,2,3,0,-12.3331
1,0.513919,2,3,0,-11.8056
0.981865,0.513919,2,3,0,-11.7144
0.971735,0.513919,2,3,0,-12.0302
1,0.513919,1,1,0,-11.9238
0.960151,0.513919,3,5,0,-11.5731
0.63365,0.513919,2,3,0,-11.5731
0.99941,0.513919,2,3,0,-11.5691
0.98475,0.513919,2,3,0,-11.6529
0.99084,0.513919,3,7,0,-11.837
0.747549,0.513919,3,7,0,-11.837
0.488935,0.513919,3,7,0,-11.837
0.907311,0.513919,2,3,0,-12.5103
0.93366,0.513919,2,3,0,-12.5103
0.973878,0.513919,4,15,0,-12.6723
1,0.513919,2,3,0,-11.8931
0.998989,0.513919,2,3,0,-11.8344
0.955402,0.513919,3,7,0,-11.8237
0.991285,0.513919,3,7,0,-12.3643
1,0.513919,1,1,0,-12.2698
0.99971,0.513919,2,3,0,-11.6993
0.728673,0.513919,2,3,0,-12.0141
0.870301,0.513919,2,3,0,-11.6923
0.816091,0.513919,3,7,0,-12.5661
1,0.513919,2,3,0,-13.1105
1,0.513919,1,1,0,-12.4774
0.799543,0.513919,2,3,0,-11.699
0.797601,0.513919,3,7,0,-12.1668
0.996706,0.513919,3,5,0,-11.6023
0.959008,0.513919,3,7,0,-11.868
0.829236,0.513919,2,3,0,-12.7351
0.990746,0.513919,3,7,0,-12.4472
1,0.513919,2,3,0,-11.8113
0.996924,0.513919,3,7,0,-11.5816
0.889383,0.513919,3,7,0,-11.9837
0.936512,0.513919,3,7,0,-12.5152
1,0.513919,2,3,0,-12.7442
1,0.513919,4,15,0,-11.6584
0.366195,0.513919,2,3,0,-11.6584
0.816688,0.513919,3,5,0,-12.2128
0.865444,0.513919,2,3,0,-11.9159
1,0.513919,2,3,0,-11.8482
0.806686,0.513919,2,3,0,-11.9194
0.99511,0.513919,3,7,0,-12.0971
0.986117,0.513919,3,7,0,-11.6909
0.933826,0.513919,3,7,0,-11.9462
0.554571,0.513919,2,3,0,-11.9462
0.720254,0.513919,1,1,0,-11.9462
0.964303,0.513919,3,7,0,-12.4899
0.992512,0.513919,3,7,0,-11.9553
0.455066,0.513919,3,7,0,-13.6858
0.432301,0.513919,2,3,0,-13.6858
0.998203,0.513919,2,3,0,-14.0505
0.949498,0.513919,3,7,0,-13.1457
0.248139,0.513919,3,7,0,-13.1457
0.933776,0.513919,4,9,0,-13.0777
1,0.513919,2,3,0,-13.4192
0.984383,0.513919,3,5,0,-13.0091
0.956914,0.513919,3,7,0,-11.7004
0.985882,0.513919,3,7,0,-11.9556
0.994987,0.513919,2,3,0,-11.8463
0.765717,0.513919,3,7,0,-11.8463
0.974114,0.513919,2,3,0,-12.242
1,0.513919,2,3,0,-11.6981
0.734999,0.513919,2,3,0,-11.6981
0.953245,0.513919,2,3,0,-11.8742
0.926988,0.513919,2,3,0,-12.0827
0.701388,0.513919,3,7,0,-14.1497
1,0.513919,2,3,0,-12.463
0.994198,0.513919,2,3,0,-12.7654
0.94466,0.513919,4,15,0,-12.4959
0.816964,0.513919,2,3,0,-13.2145
1,0.513919,3,7,0,-13.0617
0.993135,0.513919,2,3,0,-13.6987
0.965883,0.513919,3,7,0,-12.2672
0.987559,0.513919,3,7,0,-12.6522
0.980173,0.513919,2,3,0,-12.2585
0.998595,0.513919,3,7,0,-11.7318
0.918668,0.513919,3,7,0,-12.8118
1,0.513919,3,7,0,-12.2892
0.443384,0.513919,2,3,0,-12.2892
0.363657,0.513919,2,3,0,-12.2892
0.421285,0.513919,2,3,0,-12.2892
0.416807,0.513919,2,3,0,-14.2542
0.905338,0.513919,2,3,0,-11.6372
0.910942,0.513919,3,7,0,-11.9095
0.942719,0.513919,3,7,0,-11.5786
0.584021,0.513919,2,3,0,-11.5786
0.986789,0.513919,3,7,0,-11.6627
0.667118,0.513919,3,7,0,-12.182
0.990067,0.513919,2,3,0,-12.2483
0.785259,0.513919,2,3,0,-12.0647
0.870608,0.513919,2,3,0,-13.1519
0.994776,0.513919,3,5,0,-11.7226
0.315702,0.513919,2,3,0,-14.4179
1,0.513919,3,7,0,-15.264
1,0.513919,3,7,0,-14.042
1,0.513919,2,3,0,-12.6758
0.99767,0.513919,3,7,0,-13.5676
1,0.513919,3,7,0,-12.2523
1,0.513919,2,3,0,-11.6487
0.985399,0.513919,3,7,0,-11.9862
0.449348,0.513919,2,3,0,-11.9862
0.925473,0.513919,3,7,0,-11.9058
1,0.513919,2,3,0,-11.6886
0.935102,0.513919,3,7,0,-11.7724
0.304979,0.513919,2,3,0,-11.7724
0.879181,0.513919,3,7,0,-11.9219
0.788509,0.513919,2,3,0,-11.966
0.356968,0.513919,2,3,0,-11.966
0.433098,0.513919,3,5,0,-11.6563
0.958081,0.513919,2,3,0,-11.8146
1,0.513919,1,1,0,-11.5837
0.848542,0.513919,3,7,0,-11.617
0.902186,0.513919,3,5,0,-12.0481
0.906093,0.513919,3,7,0,-11.8181
0.891791,0.513919,2,3,0,-12.0773
0.853299,0.513919,3,7,0,-14.5616
0.997735,0.513919,4,11,0,-15.0068
0.988785,0.513919,4,11,0,-14.2797
0.761202,0.513919,2,3,0,-14.6218
0.966144,0.513919,4,15,0,-14.5161
0.99762,0.513919,4,11,0,-13.9592
0.961594,0.513919,2,3,0,-13.0845
0.872116,0.513919,3,7,0,-12.2192
0.962157,0.513919,3,7,0,-11.827
0.98854,0.513919,2,3,0,-11.6685
0.930309,0.513919,3,7,0,-11.9338
0.416863,0.513919,2,3,0,-11.9338
0.687374,0.513919,2,3,0,-11.9338
0.853258,0.513919,3,7,0,-12.3387
0.992102,0.513919,3,7,0,-12.6603
0.996944,0.513919,3,7,0,-11.9312
1,0.513919,2,3,0,-11.6729
1,0.513919,2,3,0,-11.6471
0.724568,0.513919,3,7,0,-11.6471
0.974268,0.513919,3,7,0,-12.0793
0.373054,0.513919,2,3,0,-12.0793
0.939817,0.513919,2,3,0,-11.8689
0.36194,0.513919,3,7,0,-11.8689
0.891131,0.513919,2,3,0,-13.0421
0.989997,0.513919,2,3,0,-12.4548
0.729482,0.513919,3,7,0,-15.2037
1,0.513919,2,3,0,-14.9022
0.999431,0.513919,2,3,0,-14.6228
0.977439,0.513919,3,7,0,-15.046
0.933084,0.513919,3,7,0,-13.3017
1,0.513919,1,1,0,-13.3817
0.961777,0.513919,2,3,0,-14.2967
0.85364,0.513919,2,3,0,-17.06
0.609152,0.513919,3,7,0,-13.466
0.979275,0.513919,2,3,0,-13.2737
0.984656,0.513919,4,15,0,-12.4323
0.910381,0.513919,3,7,0,-11.6575
0.48843,0.513919,2,3,0,-13.4111
0.960613,0.513919,2,3,0,-12.2255
0.994583,0.513919,2,3,0,-11.7622
0.862148,0.513919,4,15,0,-12.2399
0.802124,0.513919,2,3,0,-13.0961
1,0.513919,3,7,0,-13.1476
1,0.513919,2,3,0,-14.0043
1,0.513919,3,7,0,-13.2797
0.832338,0.513919,2,3,0,-14.3527
1,0.513919,2,3,0,-13.8549
0.998469,0.513919,3,7,0,-13.5418
0.998003,0.513919,4,15,0,-13.6159
0.996713,0.513919,3,7,0,-13.3681
0.976558,0.513919,2,3,0,-14.3185
1,0.513919,4,15,0,-12.4939
0.967093,0.513919,1,1,0,-12.6416
0.220079,0.513919,3,7,0,-16.9822
1,0.513919,4,11,0,-17.5993
0.84015,0.513919,3,7,0,-11.7936
0.831405,0.513919,2,3,0,-11.7936
0.995894,0.513919,2,3,0,-11.7739
0.994238,0.513919,3,7,0,-11.7123
0.840453,0.513919,2,3,0,-12.4556
1,0.513919,2,3,0,-12.7103
0.698583,0.513919,2,3,0,-14.0181
1,0.513919,2,3,0,-11.6741
0.942438,0.513919,3,7,0,-11.7338
0.235879,0.513919,2,3,0,-11.7338
0.625144,0.513919,4,9,0,-15.2533
0.967769,0.513919,2,3,0,-13.7401
0.83892,0.513919,3,7,0,-14.5155
1,0.513919,2,3,0,-14.2863
0.99408,0.513919,4,15,0,-14.4305
0.703872,0.513919,2,3,0,-13.3866
0.85659,0.513919,2,3,0,-11.6502
0.995371,0.513919,3,7,0,-11.6197
0.855755,0.513919,3,7,0,-12.2591
0.0998985,0.513919,4,9,0,-12.2591
0.985787,0.513919,2,3,0,-12.2341
0.982366,0.513919,4,15,0,-11.9435
0.98687,0.513919,2,3,0,-11.9295
0.983982,0.513919,3,7,0,-12.2094
0.893874,0.513919,4,15,0,-12.7906
0.932795,0.513919,2,3,0,-13.603
1,0.513919,1,1,0,-12.5522
0.881547,0.513919,3,7,0,-14.7054
1,0.513919,3,5,0,-13.118
1,0.513919,2,3,0,-13.6915
1,0.513919,3,7,0,-13.5252
1,0.513919,2,3,0,-12.0097
0.242244,0.513919,3,7,0,-12.0097
0.849253,0.513919,4,15,0,-11.9625
0.989126,0.513919,4,15,0,-12.0299
0.995183,0.513919,3,7,0,-12.3155
0.758042,0.513919,1,1,0,-12.3155
0.997469,0.513919,3,7,0,-12.1511
1,0.513919,3,7,0,-11.7572
0.701395,0.513919,2,3,0,-11.9911
0.817652,0.513919,2,3,0,-12.2581
0.993701,0.513919,3,7,0,-12.0142
0.968087,0.513919,2,3,0,-11.6451
0.913955,0.513919,2,3,0,-12.0706
0.854182,0.513919,3,7,0,-13.8253
0.984119,0.513919,2,3,0,-13.7927
1,0.513919,2,3,0,-12.2694
0.57674,0.513919,4,11,0,-14.6747
1,0.513919,1,1,0,-13.6634
0.995269,0.513919,3,7,0,-11.8612
0.668869,0.513919,3,5,0,-12.5757
0.57488,0.513919,2,3,0,-15.7156
1,0.513919,2,3,0,-12.2616
0.776146,0.513919,3,7,0,-12.424
0.956158,0.513919,3,7,0,-11.6628
0.855514,0.513919,3,7,0,-11.9954
0.80191,0.513919,3,7,0,-13.5437
0.99012,0.513919,3,7,0,-12.3843
0.99347,0.513919,2,3,0,-12.4412
0.959571,0.513919,3,7,0,-13.28
1,0.513919,2,3,0,-13.249
1,0.513919,2,3,0,-12.7655
1,0.513919,3,7,0,-12.4263
0.976541,0.513919,2,3,0,-13.1416
1,0.513919,3,5,0,-11.9998
0.819479,0.513919,2,3,0,-13.457
1,0.513919,4,11,0,-12.8796
1,0.513919,2,3,0,-11.7056
0.571203,0.513919,2,3,0,-12.7469
0.958575,0.513919,1,1,0,-12.9888
1,0.513919,3,5,0,-12.8637
0.927757,0.513919,2,3,0,-14.6606
0.999906,0.513919,3,7,0,-14.7576
1,0.513919,3,7,0,-16.9373
1,0.513919,1,1,0,-16.2098
1,0.513919,2,3,0,-13.3785
0.977529,0.513919,2,3,0,-13.4606
0.837831,0.513919,2,3,0,-12.9317
0.963269,0.513919,3,5,0,-11.799
0.950538,0.513919,3,7,0,-11.9766
0.861937,0.513919,3,7,0,-11.9766
0.747699,0.513919,2,3,0,-12.7027
1,0.513919,2,3,0,-11.9664
0.961403,0.513919,2,3,0,-11.9025
0.883177,0.513919,3,7,0,-11.8078
0.754201,0.513919,1,1,0,-12.713
