0.60469,0.886413
0.60469,0.886413
0.66776,0.786471
0.802926,0.771099
0.816159,0.905077
0.698823,0.33094
0.67752,0.53068
0.720886,0.512389
0.631642,0.862475
0.658565,0.798343
0.678363,0.826716
0.661723,0.803858
0.642177,0.782143
0.647923,0.671509
0.663928,0.888239
0.635016,0.776707
0.687127,0.771953
0.609917,0.831239
0.71273,0.718113
0.671222,0.679041
0.667753,0.764655
0.777467,0.571987
0.643629,0.730023
0.687668,0.749666
0.700443,0.72613
0.666825,0.778156
0.670419,0.738577
0.697906,0.700069
0.706049,0.679508
0.617219,0.848717
0.666939,0.779302
0.615409,0.771331
0.740302,0.693886
0.651594,0.674022
0.678935,0.719219
0.67837,0.722807
0.703207,0.67065
0.648023,0.883239
0.67193,0.675509
0.688285,0.684905
0.66545,0.776071
0.66545,0.776071
0.637444,0.860918
0.634543,0.829967
0.646785,0.82243
0.666966,0.675014
0.626012,0.691623
0.623192,0.688956
0.666432,0.801724
0.665835,0.760233
0.705003,0.771878
0.692898,0.684363
0.69674,0.68886
0.69674,0.68886
0.704803,0.657048
0.7192,0.565505
0.691529,0.757341
0.680782,0.668755
0.692399,0.826818
0.677195,0.633702
0.702698,0.743099
0.661577,0.827993
0.596369,0.977546
0.659887,0.724812
0.659887,0.724812
0.665607,0.710784
0.687628,0.679246
0.687628,0.679246
0.687628,0.679246
0.66059,0.687065
0.658376,0.781116
0.686154,0.801591
0.640997,0.725362
0.624976,0.96426
0.638804,0.897443
0.660904,0.703347
0.720098,0.620092
0.751787,0.556562
0.725243,0.541063
0.637231,0.839238
0.666147,0.683572
0.753301,0.631376
0.703569,0.63678
0.707037,0.612045
0.705572,0.568981
0.690072,0.596407
0.751566,0.577609
0.752802,0.566575
0.677712,0.742336
0.677712,0.742336
0.677712,0.742336
0.665722,0.668608
0.673577,0.827243
0.687134,0.79448
0.720734,0.684979
0.72583,0.652476
0.750189,0.606098
0.687612,0.798079
0.687612,0.798079
0.716333,0.831461
0.677744,0.539449
0.710306,0.846263
0.692353,0.870415
0.648003,0.621249
0.628189,0.637556
0.707412,0.704152
0.731068,0.650999
0.686034,0.661214
0.658108,0.826233
0.664909,0.710165
0.693101,0.737072
0.687339,0.668501
0.643518,0.826218
0.71276,0.619988
0.71276,0.619988
0.596054,0.985963
0.607821,0.982682
0.611334,0.978035
0.578299,0.90076
0.610818,0.999453
0.609645,0.985652
0.601704,0.956759
0.601704,0.956759
0.686812,0.816964
0.684496,0.763073
0.654,0.819018
0.647858,0.764354
0.68873,0.753361
0.650364,0.763205
0.66127,0.743763
0.663572,0.745033
0.645493,0.816047
0.638666,0.809394
0.646739,0.799319
0.646739,0.799319
0.632022,0.836998
0.618456,0.900652
0.659993,0.753535
0.701148,0.679208
0.653402,0.741724
0.621366,0.881819
0.644956,0.809631
0.665734,0.739095
0.665734,0.739095
0.665734,0.739095
0.676597,0.739981
0.676597,0.739981
0.640652,0.65501
0.642819,0.768198
0.642819,0.768198
0.741805,0.6532
0.675363,0.695315
0.677368,0.759904
0.685283,0.878061
0.707861,0.73598
0.623123,0.876446
0.695419,0.73224
0.677261,0.682643
0.659115,0.699517
0.637593,0.811875
0.64054,0.798817
0.64502,0.807979
0.691432,0.689337
0.676469,0.746814
0.601336,0.913568
0.647449,0.768751
0.689161,0.749337
0.706951,0.76265
0.700356,0.682123
0.609822,0.880265
0.662732,0.78237
0.750514,0.577573
0.750514,0.577573
0.745535,0.590876
0.746196,0.695202
0.727693,0.605366
0.702915,0.672954
0.675375,0.720176
0.653568,0.721939
0.656401,0.697831
0.676262,0.701493
0.609967,0.936735
0.584744,0.897249
0.590557,0.884101
0.744035,0.65852
0.692109,0.631566
0.687655,0.761654
0.666656,0.771527
0.703343,0.75326
0.708488,0.759156
0.713023,0.671037
0.739722,0.472001
0.732142,0.435272
0.779658,0.426387
0.784957,0.519805
0.793481,0.364962
0.77768,0.408411
0.620898,0.911192
0.624707,0.758766
0.726745,0.700497
0.608037,0.850033
0.676407,0.787901
0.675859,0.767631
0.684423,0.73349
0.684423,0.73349
0.673254,0.810618
0.672466,0.804052
0.614259,0.930313
0.624718,0.954052
0.7069,0.691881
0.69624,0.713775
0.673033,0.722081
0.670457,0.686127
0.684783,0.653397
0.727911,0.670122
0.721071,0.564535
0.726989,0.669744
0.677453,0.777003
0.678444,0.784545
0.700529,0.778572
0.630038,0.748661
0.710635,0.682204
0.653099,0.73797
0.702121,0.733703
0.709441,0.685479
0.686035,0.780087
0.667783,0.793752
0.675704,0.705948
0.687522,0.74412
0.617048,0.905099
0.590123,0.921937
0.655865,0.823022
0.655865,0.823022
0.730661,0.734474
0.644433,0.667428
0.701825,0.8255
0.6823,0.847428
0.609414,0.858369
0.640615,0.83584
0.657083,0.858103
0.700276,0.706152
0.693938,0.706253
0.693938,0.706253
0.695253,0.755258
0.752477,0.586387
0.7068,0.605541
0.731797,0.634161
0.731797,0.634161
0.75467,0.624224
0.746051,0.666783
0.725358,0.628612
0.629232,0.849291
0.654795,0.768497
0.634289,0.854848
0.62325,0.836801
0.610075,0.976886
0.662054,0.718093
0.652125,0.692894
0.695424,0.788827
0.643426,0.81822
0.689768,0.685101
0.689768,0.685101
0.659238,0.830391
0.650266,0.902018
0.646619,0.863019
0.638161,0.776389
0.722693,0.616293
0.726736,0.647974
0.682895,0.648082
0.66496,0.706273
0.642935,0.862945
0.626622,0.814438
0.655728,0.664815
0.655657,0.881974
0.676185,0.861923
0.664673,0.864895
0.638216,0.848473
0.641908,0.840116
0.704664,0.633146
0.721465,0.654605
0.741546,0.541103
0.725898,0.672819
0.695997,0.72777
0.695997,0.72777
0.698255,0.637419
0.698255,0.637419
0.691548,0.610544
0.708048,0.746778
0.717275,0.708216
0.679327,0.641323
0.68444,0.797637
0.73348,0.590367
0.738042,0.705928
0.713842,0.555631
0.684482,0.803019
0.703157,0.571953
0.702616,0.576797
0.71428,0.610306
0.64648,0.833683
0.534676,1.01826
0.522569,0.972066
0.76428,0.567133
0.772307,0.573216
0.6794,0.648598
0.743357,0.603244
0.747057,0.494024
0.713476,0.678428
0.723693,0.57534
0.734639,0.678441
0.633693,0.746597
0.590346,0.951049
0.615929,0.84942
0.720553,0.51075
0.738069,0.666866
0.696578,0.60166
0.79131,0.534146
0.628859,0.856597
0.603222,0.75031
0.607275,0.758691
0.603785,0.706896
0.616564,0.764456
0.638966,0.692132
0.684713,0.835721
0.647502,0.687947
0.730757,0.711
0.719197,0.684752
0.719197,0.684752
0.691665,0.640201
0.657931,0.840111
0.629657,0.864622
0.611449,0.799304
0.611449,0.799304
0.68495,0.7654
0.751004,0.52419
0.777223,0.525807
0.723099,0.583907
0.704053,0.642219
0.635828,0.84435
0.694269,0.685313
0.694269,0.685313
0.709161,0.62732
0.662136,0.805966
0.659432,0.738061
0.683798,0.720967
0.683798,0.720967
0.685794,0.691966
0.685794,0.691966
0.662211,0.710324
0.734439,0.654679
0.712155,0.684306
0.746092,0.547258
0.744787,0.544575
0.682293,0.626021
0.740518,0.669238
0.738988,0.657735
0.732054,0.615439
0.72289,0.627649
0.693135,0.775017
0.644929,0.745932
0.645585,0.836558
0.665425,0.728424
0.711599,0.550665
0.704749,0.502026
0.704559,0.472748
0.68593,0.895411
0.677554,0.853721
0.675179,0.935375
0.696151,0.673565
0.68237,0.713266
0.616229,0.883738
0.59049,0.817606
0.633525,0.836936
0.633525,0.836936
0.679095,0.680777
0.679095,0.680777
0.679095,0.680777
0.684057,0.684233
0.66459,0.802443
0.692624,0.7749
0.691457,0.800535
0.684518,0.794076
0.700485,0.710286
0.700485,0.710286
0.695474,0.656488
0.671123,0.799369
0.65974,0.72156
0.725139,0.626345
0.727505,0.65414
0.723455,0.582536
0.735977,0.713645
0.734081,0.70573
0.719943,0.646316
0.623214,0.940489
0.6863,0.773862
0.693969,0.757741
0.623761,0.788066
0.63277,0.809277
0.708027,0.707685
0.681186,0.630875
0.58784,0.910479
0.579055,0.913174
0.5963,0.969792
0.683889,0.678442
0.683889,0.678442
0.683889,0.678442
0.66264,0.801563
0.640621,0.861751
0.639365,0.839661
0.61269,0.894491
0.61269,0.894491
0.620157,0.87926
0.620157,0.87926
0.621613,0.819767
0.616004,0.900379
0.646021,0.863018
0.639171,0.832647
0.639171,0.832647
0.637241,0.85298
0.637241,0.85298
0.638361,0.847649
0.633038,0.854517
0.639704,0.813343
0.616301,0.902339
0.593117,0.955008
0.571899,0.990404
0.614562,0.97232
0.642912,0.967201
0.642302,0.838708
0.719725,0.652095
0.703878,0.641142
0.657922,0.748612
0.697434,0.711504
0.772933,0.475744
0.714461,0.59372
0.71646,0.564264
0.712395,0.586995
0.749497,0.633085
0.721144,0.568394
0.727099,0.597267
0.69468,0.676671
0.69413,0.611373
0.708079,0.72839
0.671423,0.661753
0.687198,0.779879
0.647632,0.731129
0.734601,0.638145
0.642318,0.760967
0.663474,0.715642
0.654286,0.712392
0.655984,0.718644
0.667379,0.726192
0.629315,0.847833
0.552078,0.904081
0.711198,0.797141
0.567769,0.917461
0.595171,0.998906
0.592847,1.02305
0.793354,0.390903
0.825713,0.468303
0.738333,0.526193
0.63456,0.828543
0.587267,0.969112
0.587267,0.969112
0.665493,0.778165
0.650413,0.788316
0.666399,0.77009
0.674613,0.761252
0.636174,0.898257
0.647245,0.741753
0.698562,0.728337
0.687393,0.622892
0.679849,0.631524
0.662044,0.665871
0.645375,0.920502
0.639694,0.854492
0.654207,0.766975
0.651446,0.822617
0.615846,0.826148
0.677021,0.768105
0.668258,0.650936
0.647495,0.900994
0.658188,0.689029
0.655754,0.814727
0.741653,0.680338
0.748219,0.714412
0.637834,0.678038
0.676677,0.730063
0.638902,0.794446
0.698532,0.744579
0.658114,0.739662
0.646035,0.855434
0.678695,0.71096
0.633765,0.744403
0.650551,0.790537
0.673706,0.747396
0.574466,0.98239
0.632074,0.779529
0.735522,0.534817
0.700249,0.689834
0.679898,0.707404
0.69436,0.715972
0.714019,0.717216
0.639971,0.758553
0.666937,0.87562
0.614873,0.769724
0.665755,0.764218
0.69317,0.690634
0.703645,0.42582
0.746678,0.364508
0.76396,0.378099
0.747928,0.712479
0.72282,0.620553
0.72282,0.620553
0.702105,0.696775
0.650503,0.781757
0.650503,0.781757
0.650503,0.781757
0.698283,0.689362
0.668652,0.606247
0.728403,0.746241
0.75139,0.674996
0.748509,0.671457
0.754122,0.605944
0.706365,0.595285
0.801624,0.530384
0.606592,0.918668
0.555121,1.09117
0.541425,1.11856
0.541425,1.11856
0.543489,1.16618
0.516958,1.07681
0.535855,1.10815
0.477607,1.09763
0.575707,1.04058
0.692539,0.730132
0.604944,0.872041
0.596325,0.864011
0.599957,0.857493
0.684983,0.656309
0.764289,0.620974
0.764289,0.620974
0.710082,0.529164
0.709627,0.579728
0.74848,0.53507
0.691498,0.518135
0.703274,0.519977
0.759316,0.452519
0.805564,0.506735
0.804902,0.539073
0.603567,0.982854
0.629504,0.853891
0.637473,0.848191
0.701977,0.760331
0.646955,0.797418
0.72588,0.617831
0.704692,0.626905
0.727716,0.647455
0.58471,0.88228
0.575758,1.12677
0.556811,1.09549
0.636404,0.86593
0.603678,0.818114
0.65519,0.893659
0.680332,0.917833
0.628366,0.920242
0.677832,0.65491
0.681363,0.793097
0.669799,0.64306
0.686992,0.789562
0.681222,0.773591
0.680593,0.7386
0.680593,0.7386
0.643586,0.815518
0.660104,0.907492
0.600673,0.821597
0.623019,0.830105
0.603401,0.794863
0.655519,0.752384
0.621142,0.755107
0.669127,0.754
0.669127,0.754
0.671594,0.693588
0.629981,0.856878
0.66768,0.835487
0.604075,0.794356
0.616357,0.789526
0.602587,1.01136
0.653599,1.02607
0.581886,0.937812
0.745318,0.58386
0.686376,0.702107
0.549016,1.23429
0.82654,0.514363
0.787607,0.554803
0.644445,0.795784
0.645139,0.832433
0.622142,0.791992
0.690691,0.824397
0.677191,0.817123
0.677191,0.817123
0.671635,0.81704
0.671635,0.81704
0.652562,0.852331
0.704039,0.795086
0.689729,0.781357
0.679149,0.783239
0.623691,0.800856
0.674343,0.800959
0.671151,0.790402
0.630277,0.870338
0.694318,0.738245
0.696744,0.812826
0.66734,0.792197
0.616593,0.830711
0.608722,0.827471
0.630378,0.921791
0.584786,0.812283
0.62092,0.766507
0.629733,0.755491
0.650176,0.782856
0.648697,0.798588
0.67401,0.729233
0.606707,0.96321
0.619764,1.0042
0.574267,0.935436
0.574267,0.935436
0.646225,0.934163
0.642358,0.915215
0.640778,0.885191
0.669798,0.696257
0.646625,0.892929
0.644182,0.823533
0.688211,0.694576
0.688211,0.694576
0.688211,0.694576
0.649961,0.859457
0.696225,0.633171
0.697801,0.645014
0.646174,0.849252
0.663148,0.82797
0.673887,0.712768
0.59139,1.02622
0.613817,0.817952
0.701056,0.732782
0.715525,0.734631
0.648526,0.71368
0.659805,0.727798
0.704983,0.663754
0.68012,0.71556
0.682347,0.710519
0.723711,0.637967
0.645843,0.689131
0.668841,0.729875
0.698272,0.684913
0.650442,0.798248
0.634718,0.835352
0.696571,0.693281
0.645387,0.749869
0.641178,0.80885
0.583624,0.96481
0.677306,0.810269
0.626927,0.777986
0.63955,0.742794
0.660289,0.730529
0.666278,0.746954
0.671386,0.722408
0.672154,0.767816
0.667748,0.731376
0.653048,0.824436
0.652404,0.827442
0.741646,0.579712
0.741646,0.579712
0.658605,0.728255
0.640266,0.71013
0.730308,0.711488
0.677317,0.733526
0.580989,1.08064
0.509439,1.0165
0.509932,0.989293
0.740477,0.430755
0.737529,0.57073
0.713212,0.678871
0.719945,0.764809
0.678451,0.586251
0.623632,1.01427
0.558927,0.886798
0.76325,0.657467
0.613825,0.7816
0.619725,0.771201
0.685551,0.926951
0.709602,0.426589
0.710819,0.448947
0.697956,0.391152
0.713017,0.446741
0.755664,0.43765
0.77754,0.690609
0.766526,0.698926
0.568034,0.800264
0.762003,0.719402
0.623,0.703423
0.651501,0.83621
0.66043,0.736943
0.644954,0.774257
0.69751,0.724487
0.69751,0.724487
0.672139,0.740441
0.61869,0.869675
0.678537,0.764027
0.682442,0.699277
0.661167,0.68013
0.649718,0.742681
0.712317,0.627696
0.728547,0.581608
0.728547,0.581608
0.758022,0.654681
0.623294,0.744151
0.716496,0.742048
0.666331,0.642501
0.661095,0.758975
0.719987,0.645294
0.730879,0.768975
0.625761,0.680868
0.767745,0.690922
0.761985,0.609766
0.722401,0.712404
0.729475,0.619768
0.632782,0.8655
0.631816,0.82885
0.729201,0.772839
0.723669,0.659889
0.723235,0.666846
0.670076,0.77382
0.663795,0.721406
0.699392,0.70857
0.692243,0.781936
0.669486,0.72161
0.663914,1.13634
0.613338,0.99665
0.613344,0.971944
0.620919,0.804916
0.678096,0.772812
0.688891,0.727132
0.610512,0.881469
0.647996,0.849223
0.669105,0.798584
0.637657,0.780787
0.627553,0.706204
0.6346,0.780338
0.697739,0.72455
0.730395,0.64871
0.714211,0.706941
0.657717,0.704889
0.679933,0.6573
0.667356,0.612048
0.671979,0.729702
0.666252,0.769931
0.692437,0.718419
0.65175,0.76218
0.685542,0.69978
0.70778,0.663014
0.705932,0.644508
0.676521,0.671557
0.693852,0.749097
0.705383,0.644903
0.686674,0.809316
0.721502,0.543542
0.754465,0.615132
0.703139,0.653357
0.758652,0.601031
0.724039,0.553922
0.72714,0.541564
0.829866,0.457124
0.540863,1.20168
0.559739,1.14733
0.642412,0.894092
0.581574,0.969621
0.580044,0.87294
0.627782,0.845568
0.639303,0.872463
0.624668,0.869912
0.633716,0.893306
0.718245,0.60169
0.719554,0.637711
0.756308,0.57567
0.648978,0.759259
0.684571,0.796163
0.58071,0.896219
0.613664,0.861194
0.678886,0.773193
0.682813,0.66563
0.682813,0.66563
0.616226,0.791969
0.640309,0.805191
0.640309,0.805191
0.67393,0.705329
0.674879,0.708702
0.753644,0.56596
0.666741,0.689338
0.703554,0.739956
0.70197,0.738946
0.587846,0.892418
0.599909,0.878201
0.740515,0.619746
0.657067,0.738726
0.657067,0.738726
0.657067,0.738726
0.647443,0.767235
0.639093,0.80719
0.639093,0.80719
0.659426,0.7522
0.665226,0.695043
0.668701,0.677729
0.66478,0.739528
0.607709,0.884959
0.681737,0.772263
0.688224,0.742552
0.566935,1.0383
0.735883,0.581686
0.754695,0.471238
0.804951,0.418008
0.695232,0.748331
0.679555,0.660555
0.653499,0.723863
0.627983,0.808481
0.603611,0.777017
0.606569,0.818897
0.624346,0.81077
0.650703,0.718842
0.672173,0.73242
0.640159,0.80826
0.662832,0.762896
0.690557,0.706875
0.690557,0.706875
0.639112,0.807035
0.639112,0.807035
0.693493,0.75276
0.737403,0.677988
0.717224,0.678866
0.699066,0.631528
0.699468,0.637465
0.645082,0.755096
0.766016,0.584831
0.734244,0.523157
0.78462,0.549025
0.727159,0.588954
0.731506,0.606415
0.682423,0.53821
0.780484,0.676893
0.667578,0.564999
0.687818,0.63347
0.716107,0.702737
0.700633,0.701179
0.607403,0.865
0.628396,0.779462
0.611932,0.861661
0.584224,0.984757
0.624462,0.877094
0.634909,0.853863
0.726138,0.659693
0.73043,0.70063
0.736218,0.572524
0.661662,0.827874
0.656002,0.842249
0.647659,0.748213
0.597197,0.855857
0.584872,0.976252
0.635123,0.98906
0.61693,0.71977
0.692848,0.847249
0.572506,0.84526
0.633264,0.80763
0.63815,0.794666
0.639196,0.696978
0.640176,0.744298
0.708865,0.784839
0.733176,0.605357
0.736797,0.598795
0.772407,0.488278
0.74333,0.643835
0.716294,0.56287
0.677167,0.688556
0.694894,0.650514
0.694182,0.733695
0.768072,0.685786
0.749647,0.537129
0.681331,0.768039
0.696974,0.641311
0.696974,0.641311
0.712304,0.6977
0.698229,0.634143
0.649837,0.758709
0.645261,0.76964
0.638465,0.778983
0.632185,0.813381
0.672393,0.869216
0.657096,0.839796
0.630368,0.868454
0.657115,0.877669
0.689369,0.745305
0.615523,0.849383
0.601181,0.943288
0.697422,0.662572
0.726519,0.629746
0.674994,0.723022
0.639626,0.832613
0.666448,0.66914
0.763248,0.433254
0.755005,0.558944
0.712806,0.743257
0.627758,0.657545
0.74864,0.525399
0.705255,0.63498
0.749507,0.536161
0.7874,0.497482
0.658979,0.805642
0.688257,0.68415
0.660758,0.652826
0.664413,0.670501
0.732794,0.683469
0.698366,0.729257
0.654083,0.723072
0.658134,0.695496
0.654512,1.04318
0.607696,0.933991
0.629576,0.772828
0.663078,0.843736
0.666915,0.656381
0.670007,0.77638
0.632333,0.821228
0.709996,0.677238
0.698157,0.753673
0.721546,0.625241
0.697773,0.68283
0.697773,0.68283
0.711314,0.642022
0.739819,0.579892
0.718101,0.641787
0.613997,0.783293
0.637988,0.803836
0.640081,0.856246
0.640081,0.856246
0.650145,0.840697
0.669662,0.712826
0.62597,0.79469
0.708294,0.706031
0.704898,0.614579
0.71147,0.683581
0.638862,0.800657
0.620395,0.77227
0.632933,0.775725
0.643468,0.769449
0.725082,0.702523
0.674472,0.687476
0.664571,0.725666
0.685556,0.759191
0.659963,0.734512
0.624157,0.832575
0.652394,0.819698
0.589303,0.972362
0.611383,0.887725
0.608164,0.89584
0.657813,0.840138
0.683792,0.822055
0.644629,0.907377
0.619647,0.933224
0.61328,0.825719
0.68882,0.761375
0.626926,0.807766
0.707371,0.708572
0.693823,0.636739
0.696067,0.657775
0.725621,0.642584
0.657818,0.753277
0.703553,0.634192
0.703553,0.634192
0.672355,0.777985
0.659809,0.795769
0.644397,0.838775
0.62867,0.845149
0.680099,0.872747
0.613302,0.870293
0.605595,0.850988
0.605595,0.850988
0.700947,0.653104
0.73703,0.607424
0.697208,0.697743
0.700314,0.535739
0.640288,0.820936
0.659729,0.786215
0.687293,0.720312
0.695044,0.630272
0.696724,0.781872
0.670994,0.831802
0.584219,0.87527
0.604492,0.841866
0.773403,0.582539
0.63782,0.779218
0.68921,0.740199
0.683951,0.765799
0.663544,0.722635
0.665582,0.754889
0.747439,0.605422
0.701759,0.551698
0.754528,0.494336
0.705886,0.698971
0.706919,0.683377
0.659222,0.797897
0.656926,0.724071
0.651472,0.78895
0.651472,0.78895
0.706259,0.745936
0.618147,0.788123
0.618147,0.788123
0.617381,0.865256
0.710808,0.64443
0.709521,0.656372
0.649565,0.791099
0.689668,0.609749
0.711236,0.73846
0.681881,0.738906
0.692673,0.707202
0.721291,0.62351
0.731477,0.611956
0.72305,0.591869
0.703556,0.645569
0.659916,0.697922
0.639789,0.715109
0.70969,0.654743
0.681571,0.73295
0.681571,0.73295
0.638149,0.814088
0.722982,0.628612
0.701857,0.667694
0.716753,0.515802
0.952288,0.347258
0.72007,0.764815
0.599615,0.872708
0.601692,0.949945
0.61392,0.873008
0.70561,0.600932
0.70561,0.600932
0.672923,0.802766
0.67156,0.847245
0.655643,0.830842
0.607575,0.916854
0.642273,0.830248
0.639509,0.841024
0.633478,0.949328
0.625179,1.05149
0.599807,1.0118
0.797013,0.545708
0.797013,0.545708
0.811985,0.548426
0.725232,0.461679
0.725477,0.57628
0.728887,0.576906
0.696912,0.538317
0.648366,0.882019
0.649691,0.710881
0.71973,0.714632
0.670794,0.689258
0.71019,0.661926
0.717324,0.677159
0.667867,0.721569
0.702449,0.641398
0.702745,0.697978
0.768845,0.554739
0.671917,0.702097
0.656128,0.79142
0.657762,0.826605
0.684123,0.825998
0.62382,0.896519
0.597529,0.96151
0.647728,0.926608
0.647979,0.883307
0.634791,0.764087
0.590289,0.723096
0.734906,0.789541
0.7112,0.707047
0.649982,0.837853
0.645882,0.767472
0.645882,0.767472
0.666307,0.725431
0.641307,0.764381
0.631171,0.832985
0.648383,0.769191
0.639699,0.799229
0.692081,0.742411
0.71452,0.727468
0.72234,0.635429
0.661827,0.758147
0.706582,0.703116
0.669697,0.694457
0.691227,0.64415
0.689928,0.663395
0.686691,0.74372
0.674776,0.787703
0.672274,0.697255
0.643577,0.863813
0.61101,0.874244
0.656692,0.762935
0.656692,0.762935
0.675789,0.751099
0.680693,0.776576
0.680693,0.776576
0.668226,0.782843
0.680717,0.762192
0.648389,0.804275
0.694581,0.707308
0.676026,0.706403
0.611083,0.825814
0.601875,0.905117
0.601875,0.905117
0.62192,0.800313
0.668287,0.729553
0.70507,0.682891
0.70507,0.682891
0.639646,0.846007
0.645058,0.799447
0.710692,0.660785
0.681927,0.767053
0.681927,0.767053
0.647661,0.750007
0.698524,0.741224
0.64685,0.743392
0.696622,0.744952
0.698892,0.747058
0.698892,0.747058
0.65898,0.707965
0.65898,0.707965
0.675896,0.795461
0.666498,0.760518
0.698607,0.672306
0.649953,0.714986
0.649953,0.714986
0.732652,0.65486
0.723151,0.637819
0.676309,0.746067
0.675602,0.756457
0.651734,0.834769
0.651734,0.834769
0.673599,0.734477
0.678957,0.729067
0.620486,0.870708
0.630997,0.866634
0.627204,0.873974
0.622639,0.867386
0.641525,0.781047
0.628476,0.777914
0.627514,0.948218
0.632822,0.988165
0.690168,0.666136
0.722591,0.676114
0.740776,0.720226
0.725987,0.707671
0.721255,0.626397
0.711028,0.598614
0.666037,0.722899
0.647788,0.703562
0.665211,0.825576
0.665211,0.825576
0.649039,0.877039
0.804858,0.536927
0.808656,0.401191
0.76717,0.556565
0.62879,0.83632
0.634657,0.774946
0.692118,0.757462
0.673069,0.676439
0.674774,0.801322
0.649359,0.800694
0.618973,0.876924
0.619124,0.932218
0.619124,0.932218
0.60675,0.962103
0.575982,0.962316
0.594599,1.06242
0.707069,0.69334
0.667077,0.775417
0.674065,0.765354
0.673718,0.7759
0.699909,0.821388
0.67593,0.764401
0.67593,0.764401
0.668167,0.691994
0.722026,0.68412
0.612426,0.957473
0.61248,0.928762
0.61248,0.928762
0.659419,0.721198
0.647523,0.848727
0.604639,0.915437
0.604639,0.915437
0.637819,0.822609
0.696455,0.706651
0.722945,0.702773
0.694106,0.725453
0.783693,0.468604
0.735987,0.600916
0.723174,0.567984
0.720191,0.604192
0.739379,0.610327
0.705357,0.744601
0.72967,0.652524
0.713143,0.603278
0.713143,0.603278
0.713143,0.603278
0.713143,0.603278
0.72627,0.652023
0.731677,0.648157
0.728186,0.721794
0.708755,0.720062
0.734539,0.668957
0.695314,0.614686
0.760896,0.607572
0.671361,0.792639
0.693927,0.688348
0.693927,0.688348
0.641211,0.81911
0.634534,0.800074
0.640462,0.814997
0.640904,0.745796
0.642767,0.761913
0.661329,0.757156
0.650158,0.732125
0.718644,0.651265
0.675057,0.715145
0.645714,0.725528
0.644476,0.793929
0.689751,0.756533
0.691006,0.660275
0.702429,0.706406
0.670188,0.747637
0.670188,0.747637
0.670188,0.747637
0.692725,0.683727
0.679708,0.673837
0.669798,0.806188
0.596539,0.883439
0.695875,0.734915
0.662938,0.714599
0.675812,0.693877
0.695131,0.657079
0.694272,0.720134
0.686559,0.697462
0.72001,0.656244
0.700915,0.714817
0.622962,0.888863
0.650863,0.842844
0.665644,0.773002
0.665644,0.773002
0.665644,0.773002
0.676316,0.737016
0.674645,0.734071
0.675822,0.701219
0.687216,0.785802
0.686723,0.661597
0.680033,0.769997
0.684711,0.729558
0.657116,0.730217
0.615028,0.93657
0.68875,0.651706
0.68875,0.651706
0.719945,0.614788
0.719945,0.614788
0.719945,0.614788
0.699979,0.717767
0.699178,0.71105
0.636126,0.768981
0.720816,0.725517
0.628917,0.748324
0.638259,0.788818
0.637871,0.770422
0.637871,0.770422
0.723486,0.767829
0.721093,0.724498
0.67134,0.679467
0.67134,0.679467
0.65917,0.84242
0.616607,0.908593
0.652793,0.780719
0.652793,0.780719
0.652793,0.780719
0.711446,0.675367
0.750782,0.602552
0.703327,0.669919
0.717051,0.715016
0.691101,0.750443
0.620791,0.799411
0.616975,0.751216
0.727428,0.760358
0.731429,0.64081
0.690529,0.704802
0.684553,0.698351
0.668902,0.770517
0.678858,0.704432
0.618042,0.796021
0.641171,0.971357
0.67411,0.636018
0.705991,0.672703
0.704821,0.672992
0.704821,0.672992
0.704821,0.672992
0.706479,0.693396
0.568766,0.968152
0.617287,0.947196
0.632143,0.852325
0.671122,0.820459
0.677693,0.802945
0.678168,0.799121
0.755614,0.63626
0.636397,0.834156
0.613561,0.863602
0.675625,0.719091
0.668237,0.769898
0.664584,0.744143
0.587093,0.910053
0.587093,0.910053
0.572687,0.904642
0.56905,0.856675
0.567375,0.857438
0.56446,0.903347
0.633913,0.940647
0.708956,0.628752
0.772149,0.570686
0.653736,0.680849
0.656955,0.682216
0.681227,0.786102
0.673565,0.675192
0.667498,0.75293
0.623406,0.884939
0.725821,0.638909
0.620307,0.875931
0.59881,0.92318
0.59881,0.92318
0.644982,0.771402
0.644982,0.771402
0.598213,0.971133
0.566313,0.834863
0.64371,0.934156
0.644584,0.824702
0.657735,0.793809
0.658891,0.763399
0.661993,0.734854
0.691112,0.726619
0.691112,0.726619
0.732769,0.687349
0.689653,0.604831
0.705435,0.643763
0.695498,0.705089
0.665841,0.742278
0.729694,0.619579
0.698355,0.68333
0.682032,0.694327
0.682032,0.694327
0.648955,0.827028
0.697366,0.651605
0.691292,0.674667
0.691292,0.674667
0.650007,0.728883
0.623691,0.763108
0.70896,0.753057
0.70896,0.753057
0.675784,0.635531
0.705954,0.663227
0.705954,0.663227
0.690168,0.705351
0.664246,0.758508
0.615706,0.879344
0.608213,0.892185
0.685147,0.708444
0.65688,0.782684
0.656761,0.778918
0.695935,0.688709
0.664425,0.78314
0.675153,0.717304
0.646519,0.823944
0.659431,0.814964
0.686022,0.678443
0.693891,0.719726
0.69967,0.742725
0.658268,0.777752
0.598694,0.804457
0.665599,0.891108
0.653672,0.828984
0.653672,0.828984
0.663225,0.727564
0.734447,0.63207
0.711434,0.62075
0.658478,0.71988
0.653527,0.741869
0.70065,0.589812
0.699085,0.567297
0.672948,0.848598
0.638911,0.941354
0.62234,0.913174
0.608665,0.864497
0.621014,0.856738
0.629137,0.850788
0.723374,0.618087
0.680662,0.706491
0.700684,0.663872
0.69962,0.604301
0.692721,0.570909
0.755952,0.70283
0.616973,0.689708
0.68683,0.904643
0.682174,0.947595
0.61895,0.935493
0.596993,0.936969
0.690861,0.654764
0.637621,0.774991
0.661067,0.748916
0.716504,0.72604
0.648749,0.70243
0.683174,0.817237
0.648535,0.807268
0.648535,0.807268
0.648535,0.807268
0.664277,0.792956
0.664277,0.792956
0.62883,0.865355
0.662122,0.75669
0.64468,0.730028
0.71381,0.72869
0.667787,0.746443
0.69842,0.80282
0.689325,0.824224
0.664838,0.637445
0.738361,0.686131
0.65893,0.619049
0.676243,0.856183
0.647306,0.684047
0.626426,0.812847
0.609119,0.805677
0.609119,0.805677
0.628386,0.797583
0.608643,0.863038
0.628485,0.794516
0.640868,0.883588
0.735889,0.66268
0.75283,0.676763
0.69279,0.590121
0.691442,0.667982
0.570308,0.927637
0.627876,0.944428
0.628765,0.804023
0.64116,0.771529
0.631307,0.784797
0.647153,0.869343
0.666252,0.925001
0.6602,0.948389
0.660069,0.984826
0.588738,0.904386
0.588738,0.904386
0.653332,0.83162
0.68509,0.693701
0.735712,0.759765
0.721786,0.729144
0.623135,0.722587
0.63165,0.956255
0.711139,0.701382
0.722319,0.699225
0.680627,0.744407
0.688466,0.811601
0.688466,0.811601
0.694555,0.807272
0.708622,0.861481
0.672792,0.911772
0.81292,0.310986
0.817963,0.283669
0.920011,0.170334
0.731281,0.544419
0.792504,0.606911
0.784876,0.575906
0.790073,0.607607
0.752154,0.562454
0.663718,0.687812
0.647033,0.885404
0.672724,0.788061
0.662722,0.744735
0.677516,0.75438
0.699128,0.756661
0.697953,0.732818
0.697513,0.69098
0.70004,0.732272
0.704155,0.735475
0.721982,0.710281
0.727555,0.701565
0.636257,0.738361
0.637605,0.765423
0.689029,0.626503
0.732247,0.675572
0.718269,0.522927
0.650657,0.67805
0.728875,0.651313
0.648454,0.759713
0.722141,0.655444
0.722141,0.655444
0.638684,0.792673
0.622376,0.963605
0.687135,0.695838
0.667022,0.768892
0.657898,0.792532
0.659388,0.847514
0.662661,0.696383
0.696681,0.59759
0.706506,0.654097
0.691858,0.507455
0.737985,0.686108
0.743277,0.569824
0.743277,0.569824
0.710723,0.628082
0.674043,0.798674
0.622897,0.809901
0.673448,0.782873
0.694807,0.654053
0.694807,0.654053
0.62784,0.753277
0.632397,0.845865
0.68803,0.766801
0.69269,0.628473
0.657796,0.602976
0.69521,0.801642
0.711119,0.722618
0.647261,0.728855
0.644237,0.797317
0.713142,0.658742
0.716571,0.669788
0.725605,0.605641
0.712608,0.582918
0.727714,0.662526
0.696358,0.72758
0.696358,0.72758
0.699228,0.749582
0.716854,0.780807
0.647808,0.642597
0.632456,0.615431
0.688477,0.792428
0.708284,0.727468
0.75129,0.553029
0.765138,0.556122
0.687111,0.640835
0.718982,0.623151
0.683244,0.723972
0.660608,0.826929
0.59477,0.924468
0.634362,0.89994
0.635768,0.936777
0.629363,0.90811
0.659239,0.974438
0.685893,0.828131
0.663869,0.64203
0.678088,0.851724
0.642818,0.8833
0.663058,0.700524
0.712481,0.79432
0.622644,0.716736
0.662559,0.939927
0.66996,0.942664
0.62512,0.659045
0.671195,0.713669
0.666362,0.791774
0.658083,0.74216
0.677723,0.762102
0.625685,0.827927
0.643903,0.81348
0.703969,0.667068
0.649002,0.763715
0.643312,0.760052
0.701893,0.751413
0.618719,0.782871
0.622254,0.79657
0.719346,0.684292
0.676413,0.682451
0.681196,0.588545
0.809102,0.621725
0.819633,0.660784
0.812229,0.636006
0.564625,0.880581
0.632292,0.95211
0.578582,0.882683
0.648368,0.679506
0.664468,0.897658
0.682999,0.84839
0.675402,0.867575
0.670722,0.634906
0.6739,0.632521
0.79321,0.653865
0.791871,0.678807
0.832699,0.648806
0.816804,0.622385
0.623604,0.672461
0.653686,0.799464
0.653686,0.799464
0.712584,0.637307
0.680892,0.655647
0.695753,0.743856
0.67495,0.675892
0.65341,0.684376
0.670244,0.709158
0.731391,0.638215
0.704282,0.630681
0.704282,0.630681
0.676902,0.657507
0.721596,0.697408
0.716088,0.681441
0.730715,0.609224
0.708174,0.629803
0.692036,0.691839
0.677872,0.729379
0.664597,0.802809
0.610283,0.911122
0.661087,0.756051
0.64386,0.725435
0.64386,0.725435
0.64386,0.725435
0.745078,0.595246
0.727751,0.606144
0.696306,0.739906
0.638923,0.766492
0.613555,0.694021
0.655303,0.691754
0.653657,0.69264
0.701931,0.766085
0.67911,0.628523
0.611128,0.88425
0.713282,0.651499
0.731168,0.628422
0.711811,0.689838
0.711811,0.689838
0.710239,0.62448
0.710239,0.62448
0.712301,0.612861
0.565987,0.978844
0.597827,0.999095
0.648142,0.79808
0.681815,0.724192
0.676377,0.692841
0.6774,0.599088
0.731693,0.641073
0.604762,0.866017
0.65703,0.876929
0.609187,0.889635
0.645508,0.850296
0.645508,0.850296
0.637189,0.878585
0.68453,0.785386
0.677511,0.667811
0.67821,0.680536
0.672872,0.724371
0.672667,0.728562
0.72589,0.619902
0.656558,0.751556
0.675401,0.76539
0.633312,0.85048
0.635387,0.793995
0.683572,0.815411
0.66285,0.772314
0.632827,0.705775
0.700357,0.728026
0.652234,0.747034
0.666467,0.935275
0.639757,0.719496
0.721269,0.60537
0.723843,0.616266
0.761063,0.620079
0.683668,0.651762
0.714271,0.612163
0.714271,0.612163
0.65466,0.840472
0.649677,0.828807
0.649384,0.798958
0.649384,0.798958
0.719033,0.628495
0.671823,0.797665
0.693313,0.729661
0.675114,0.60823
0.661204,0.817903
0.640944,0.846159
0.640944,0.846159
0.649587,0.776558
0.649123,0.768888
0.612436,0.938866
0.689202,0.63713
0.70388,0.731032
0.696738,0.706689
0.683583,0.69295
0.716798,0.632131
0.659291,0.764449
0.659291,0.764449
0.696423,0.675726
0.71552,0.674664
0.680068,0.690305
0.650427,0.798086
0.597151,0.781895
0.709464,0.799938
0.661482,0.621919
0.710624,0.631699
0.651036,0.823254
0.633777,0.814993
0.624776,0.824474
0.68996,0.742557
0.643374,0.773093
0.695661,0.597054
0.695661,0.597054
0.574461,0.917677
0.705295,0.673728
0.692897,0.795741
0.610181,0.794324
0.664035,0.827024
0.605824,0.898032
0.612786,0.877913
0.6314,0.868833
0.645196,0.897965
0.555352,0.955909
0.630183,0.727766
0.624536,0.743732
0.751184,0.633526
0.71391,0.551121
0.71924,0.744164
0.704522,0.632584
0.741571,0.474887
0.730543,0.541849
0.756993,0.49574
0.639314,0.77598
0.615845,0.896901
0.622886,0.821685
0.693665,0.744504
0.704374,0.604445
0.745623,0.537397
0.623952,0.884035
0.722866,0.633551
0.702136,0.667833
0.641624,0.778953
0.667481,0.73183
0.705346,0.656904
0.705346,0.656904
0.754383,0.543918
0.723225,0.666234
0.68877,0.68014
0.660451,0.662047
0.671297,0.728178
0.670868,0.767621
0.698957,0.701554
0.698957,0.701554
0.679854,0.668437
0.678709,0.599758
0.688732,0.827411
0.698098,0.635465
0.722431,0.659577
0.680197,0.701246
0.673641,0.839504
0.63381,0.824835
0.681253,0.755695
0.696734,0.747996
0.710584,0.67683
0.652695,0.765154
0.677072,0.787985
0.696298,0.627744
0.732055,0.652167
0.707849,0.702956
0.703155,0.680987
0.689767,0.662206
0.69814,0.677994
0.69814,0.677994
0.69814,0.677994
0.679766,0.703362
0.743861,0.595581
0.763224,0.576047
0.766112,0.526898
0.707169,0.626646
0.66129,0.558762
0.69251,0.629145
0.681097,0.773245
0.661327,0.82528
0.677666,0.67139
0.632919,0.912071
0.611505,0.894683
0.688041,0.662616
0.686517,0.750216
0.701353,0.718531
0.706519,0.72476
0.71519,0.672432
0.718421,0.687685
0.627049,0.742718
0.745481,0.655237
0.68768,0.636974
0.692015,0.637208
0.66899,0.67044
0.643673,0.896718
0.642007,0.854661
0.733996,0.651124
0.679123,0.717502
0.679123,0.717502
0.679838,0.67723
0.625569,0.886713
0.637363,0.837863
0.676091,0.72585
0.66771,0.714342
0.64692,0.846
0.636768,0.890743
0.636768,0.890743
0.68397,0.790027
0.63369,0.764813
0.703117,0.737369
0.70974,0.687596
0.70974,0.687596
0.68811,0.670985
0.636555,0.73021
0.609675,0.892184
0.62279,0.801707
0.71482,0.675574
0.652581,0.751166
0.652581,0.751166
0.633189,0.819025
0.73017,0.659755
0.6805,0.66722
0.712429,0.648989
0.641875,0.810047
0.681701,0.747533
0.651088,0.865472
0.642097,0.829873
0.640552,0.834047
0.76486,0.523782
0.734294,0.638307
0.721089,0.605846
0.654893,0.73005
0.7178,0.664341
0.715698,0.625921
0.659479,0.814177
0.669343,0.658813
0.681864,0.808423
0.724219,0.590012
0.733303,0.58106
0.730263,0.70368
0.74991,0.595786
0.696657,0.65921
0.672949,0.793026
0.599096,0.883162
0.725474,0.755284
0.640033,0.678226
0.654463,0.752607
0.704878,0.713345
0.650114,0.676502
0.65805,0.715982
0.674213,0.799618
0.640553,0.769283
0.759144,0.578195
0.662363,0.72017
0.745898,0.514761
0.776328,0.656438
0.732509,0.547954
0.732868,0.566864
0.722578,0.662673
0.729949,0.608132
0.692816,0.579528
0.6886,0.502318
0.77953,0.522163
0.741639,0.587307
0.648023,0.760997
0.624375,0.859757
0.624375,0.859757
0.624375,0.859757
0.604755,0.915964
0.696661,0.652096
0.686015,0.657833
0.719034,0.66214
0.691897,0.734957
0.672385,0.707108
0.665872,0.674775
0.676946,0.723862
0.676946,0.723862
0.633465,0.846949
0.623131,0.767271
0.607464,0.774471
0.646239,0.93053
0.677688,0.835044
0.656133,0.8707
0.726384,0.6609
0.66039,0.721171
0.706724,0.692349
0.668705,0.735247
0.620052,0.905239
0.60912,0.838105
0.613592,0.853544
0.625832,0.774351
0.627085,0.774973
0.652953,0.729384
0.706973,0.721843
0.698959,0.631408
0.699255,0.624008
0.759744,0.652472
0.766908,0.673008
0.808271,0.491956
0.752361,0.516517
0.827481,0.578204
0.717537,0.586263
0.656454,0.80866
0.667164,0.799231
0.687677,0.788598
0.687677,0.788598
0.668295,0.764925
0.69799,0.652933
0.713943,0.62168
0.705443,0.646874
0.698828,0.773768
0.697118,0.705702
0.697118,0.705702
0.716993,0.606381
0.67746,0.767211
0.65123,0.798637
0.65123,0.798637
0.667445,0.703327
0.671809,0.723168
0.661148,0.808282
0.692349,0.640744
0.692349,0.640744
0.650301,0.846903
0.670736,0.786419
0.669695,0.703423
0.664819,0.675264
0.688219,0.659948
0.670017,0.695605
0.667613,0.805365
0.642403,0.778686
0.64856,0.742409
0.64856,0.742409
0.64856,0.742409
0.721409,0.720229
0.635342,0.73584
0.59624,1.02039
0.706636,0.732374
0.628231,0.779237
0.611722,0.812235
0.618403,0.904599
0.613412,0.874477
0.620051,0.786512
0.619937,0.875029
0.709141,0.561515
0.795711,0.577942
0.755431,0.610847
0.686013,0.66962
0.661024,0.812787
0.668212,0.743745
0.628776,0.880541
0.628776,0.880541
0.623887,0.786423
0.623887,0.786423
0.635655,0.804551
0.653219,0.753265
0.701091,0.709743
0.692541,0.744906
0.647797,0.751252
0.635013,0.857616
0.638708,0.809507
0.626976,0.753006
0.640889,0.765774
0.640889,0.765774
0.719072,0.700838
0.709573,0.704874
0.698541,0.625307
0.682046,0.606842
0.710005,0.68363
0.721421,0.761014
0.682321,0.777741
0.682075,0.659789
0.674995,0.725235
0.674995,0.725235
0.674995,0.725235
0.691031,0.661323
0.661506,0.806899
0.702853,0.676293
0.709326,0.799747
0.716677,0.76076
0.70613,0.711481
0.695576,0.733075
0.683711,0.754182
0.69231,0.769147
0.713625,0.624084
0.724771,0.63069
0.630152,0.749393
0.755138,0.551344
0.731377,0.625807
0.673572,0.610083
0.648123,0.815497
0.648123,0.815497
0.621134,0.868402
0.679022,0.647948
0.61989,0.954182
0.610678,0.808182
0.794332,0.453744
0.600909,0.883655
0.726501,0.646077
0.747572,0.677393
0.646377,0.688118
0.636555,0.767652
0.694455,0.753194
0.667001,0.856991
0.693092,0.807342
0.727015,0.592926
0.760585,0.617047
0.743214,0.624202
0.673119,0.677151
0.669462,0.675597
0.669462,0.675597
0.684059,0.751914
0.645608,0.756002
0.649382,0.740239
0.702793,0.663238
0.660895,0.773927
0.685154,0.731071
0.691034,0.752013
0.635821,0.86853
0.631307,0.816356
0.644513,0.849917
0.643789,0.788486
0.65774,0.740289
0.641634,0.800831
0.661922,0.7932
0.672709,0.751618
0.651018,0.771433
0.650708,0.812318
0.665764,0.797783
0.677964,0.801493
0.663084,0.697431
0.675439,0.723616
0.624914,0.838484
0.652749,0.868789
0.587435,0.877517
0.656522,0.83415
0.725696,0.596577
0.68778,0.571625
0.66834,0.865243
0.564419,0.891991
0.66736,0.941598
0.646101,1.01932
0.651351,0.852444
0.643675,0.730829
0.655053,0.743199
0.659497,0.671727
0.713528,0.706007
0.661033,0.791243
0.662446,0.684795
0.621386,0.978899
0.6343,0.999636
0.633895,0.989536
0.610068,0.727022
0.714182,0.812147
0.720705,0.808088
0.722817,0.819648
0.567533,0.754139
0.542685,0.740521
0.557611,0.740973
0.579532,0.764699
0.677916,1.0181
0.657528,0.879674
0.650667,0.710034
0.650667,0.710034
0.657866,0.714972
0.657866,0.714972
0.707061,0.754897
0.76447,0.522622
0.760054,0.54571
0.743364,0.578323
0.722334,0.609696
0.682013,0.750076
0.738071,0.548545
0.754686,0.517312
0.661235,0.949048
0.568466,1.00576
0.593287,0.856587
0.605034,0.952414
0.599627,0.978523
0.717973,0.628862
0.692552,0.683873
0.692552,0.683873
0.653008,0.836144
0.649219,0.785957
0.649431,0.740269
0.741273,0.670134
0.74624,0.665388
0.700245,0.667264
0.67817,0.696772
0.671784,0.693115
0.631345,0.770804
0.693155,0.74247
0.726236,0.620386
0.775816,0.513518
0.78983,0.450186
0.736299,0.601051
0.701816,0.646182
0.663361,0.582075
0.699911,0.833989
0.608702,0.74024
0.633078,0.850275
0.631187,0.721472
0.608063,1.03291
0.61556,1.02393
0.687453,0.798094
0.669306,0.724184
0.702237,0.698816
0.741517,0.593097
0.747044,0.597357
0.758049,0.619847
0.738967,0.522033
0.733849,0.598639
0.721098,0.655875
0.70608,0.666993
0.690758,0.704818
0.719215,0.726131
0.676325,0.614123
0.719265,0.749008
0.658422,0.703641
0.666752,0.821088
0.635521,0.770523
0.698585,0.74221
0.699313,0.740234
0.705087,0.691149
0.60411,0.846129
0.634102,0.901178
0.677375,0.814689
0.664456,0.768977
0.675523,0.799689
0.670257,0.801913
0.685664,0.72157
0.692693,0.699191
0.712832,0.661174
0.645404,0.736003
0.62387,0.762104
0.652819,0.868833
0.692432,0.620829
0.722071,0.695699
0.662178,0.674629
0.687596,0.779315
0.697578,0.744139
0.720311,0.603153
0.757122,0.549814
0.757122,0.549814
0.685539,0.760706
0.656506,0.762758
0.65376,0.835056
0.656691,0.752293
0.686735,0.686631
0.753026,0.672232
0.739785,0.681278
0.70578,0.591672
0.708765,0.558368
0.734085,0.70894
0.686002,0.562882
0.578199,0.827384
0.59849,0.98772
0.578616,0.861005
0.605224,0.988565
0.627544,0.780815
0.615598,0.756493
0.614863,0.774356
0.628216,0.904318
0.628216,0.904318
0.635495,0.941896
0.637715,0.670631
0.674697,0.815347
0.665609,0.783191
0.59014,0.899622
0.587819,0.857285
0.626268,0.861914
0.603513,0.918954
0.637809,0.870702
0.626134,0.837951
0.657149,0.706449
0.633267,0.686023
0.636889,0.716299
0.687275,0.74186
0.698168,0.72023
0.655814,0.737073
0.658426,0.867901
0.652206,0.870016
0.618303,0.805939
0.688716,0.886356
0.582648,0.798274
0.705353,0.755235
0.646059,0.720367
0.61988,0.979672
0.615576,1.0157
0.584916,1.01279
0.672435,0.82768
0.649534,0.851757
0.589647,0.981717
0.74175,0.600343
0.705499,0.664701
0.705419,0.715591
0.707561,0.734742
0.615041,0.81233
0.620915,0.925363
0.622298,0.939361
0.527682,1.03885
0.531758,1.03853
0.558414,1.05163
0.619698,1.15734
0.587478,0.733433
0.602303,0.772581
0.633765,0.911582
0.659425,0.69055
0.664467,0.935109
0.59493,0.750973
0.648925,0.903348
0.601512,0.775078
0.604083,0.89277
0.622909,0.775245
0.70442,0.733648
0.649105,0.798128
0.670648,0.720331
0.669804,0.720524
0.705054,0.809346
0.620863,0.749026
0.635268,0.887615
0.645521,0.717747
0.66332,0.855574
0.66332,0.855574
0.674248,0.754
0.687124,0.704744
0.696379,0.648155
0.660956,0.816683
0.599744,0.85602
0.591345,0.872182
0.60336,1.01142
0.576726,0.97054
0.592194,0.978046
0.578317,0.975543
0.612135,1.00932
0.680089,0.613436
0.734806,0.765708
0.728946,0.696329
0.723809,0.668088
0.73096,0.692348
0.633009,0.771651
0.613952,0.794118
0.634656,0.741204
0.638286,0.820901
0.670114,0.747543
0.665727,0.740771
0.665856,0.736205
0.660309,0.729764
0.660309,0.729764
0.665102,0.792694
0.662132,0.741886
0.688721,0.664294
0.704924,0.556668
0.859983,0.438168
0.846887,0.377579
0.795277,0.56377
0.564578,0.941703
0.556748,0.942849
0.581228,0.97771
0.607126,0.916716
0.682106,0.738463
0.710386,0.636183
0.688244,0.681086
0.720059,0.642117
0.617407,0.928412
0.627189,0.797211
0.652324,0.749565
0.642716,0.672289
0.750827,0.70621
0.733978,0.714123
0.740506,0.751047
0.740715,0.767313
0.702094,0.708431
0.707543,0.607149
0.671855,0.802237
0.645309,0.715956
0.649395,0.786505
0.679333,0.77677
0.646524,0.710009
0.646524,0.710009
0.653557,0.75941
0.683806,0.729286
0.654877,0.769141
0.683125,0.740782
0.632971,0.806407
0.678005,0.871973
0.676035,0.713225
0.648041,0.839378
0.619057,0.859099
0.619057,0.859099
0.665477,0.799628
0.644712,0.7374
0.689307,0.72498
0.689307,0.72498
0.636781,0.872379
0.635142,0.857919
0.652931,0.768924
0.655114,0.806936
0.628001,0.798188
0.72285,0.766645
0.697455,0.536714
0.663112,0.917834
0.639695,0.961933
0.633063,0.925557
0.599174,0.761068
0.594636,1.06149
0.598493,1.07904
0.649651,0.642694
0.6897,0.799575
0.671775,0.651599
0.673951,0.644445
0.686594,0.850254
0.688005,0.840303
0.62657,0.715002
0.735038,0.735088
0.7181,0.770413
0.698207,0.661673
0.708967,0.723357
0.622273,0.855278
0.687809,0.768915
0.635298,0.722097
0.633698,0.889938
0.598186,1.01545
0.6406,0.821727
0.652606,0.69736
0.658567,0.712672
0.684755,0.808452
0.66943,0.799954
0.667648,0.786634
0.673112,0.822758
0.694945,0.877848
0.690425,0.877309
0.635691,0.647891
0.625314,0.647227
0.794663,0.612403
0.548617,0.805062
0.63945,1.10242
0.589051,1.01929
0.602803,0.905357
0.578049,1.07182
0.596557,0.98935
0.607515,0.898412
0.628749,0.997147
0.619093,0.932682
0.652031,0.933595
0.600315,0.870957
0.62124,0.923664
0.579885,0.844297
0.592526,0.901913
0.589777,0.893269
0.659859,0.739115
0.703609,0.69066
0.714207,0.650348
0.685546,0.683597
0.66301,0.761644
0.665851,0.810596
0.611887,0.844226
0.679931,0.797807
0.598393,0.841592
0.603544,0.986118
0.615314,0.971258
0.625419,0.850386
0.625419,0.850386
0.645703,0.85991
0.64249,0.804595
0.67474,0.763113
0.72933,0.587187
0.714118,0.598584
0.658932,0.732781
0.599192,0.726484
0.592104,0.861725
0.593947,0.877008
0.587474,1.06885
0.557953,1.03405
0.529988,1.07405
0.788915,0.61232
0.697578,0.568945
0.738881,0.645192
0.593921,0.66745
0.648763,0.683472
0.738959,0.680774
0.716771,0.682973
0.72124,0.763448
0.640539,0.706351
0.714835,0.769468
0.691348,0.753653
0.677814,0.730884
0.677814,0.730884
0.658989,0.743224
0.67897,0.774413
0.657903,0.832931
0.668725,0.775417
0.658428,0.741687
0.682925,0.748656
0.682925,0.748656
0.621426,0.786377
0.662409,0.803509
0.64507,0.849956
0.661748,0.750734
0.68868,0.786969
0.677884,0.738289
0.663883,0.740935
0.671866,0.814561
0.689563,0.610049
0.69336,0.597595
0.693077,0.620476
0.749321,0.708036
0.668899,0.787394
0.675525,0.745377
0.651924,0.795588
0.617091,0.847615
0.642364,0.811627
0.620632,0.870347
0.680117,0.728027
0.708067,0.757975
0.699053,0.684679
0.658035,0.764936
0.649812,0.836351
0.734648,0.622187
0.754837,0.526329
0.822496,0.483712
0.730299,0.593897
0.731746,0.571243
0.759027,0.561131
0.689212,0.728462
0.749441,0.660249
0.637818,0.734063
0.746386,0.67316
0.683619,0.558981
0.732851,0.503144
0.718977,0.470792
0.746602,0.588225
0.743051,0.584896
0.601036,0.958235
0.694544,0.742216
0.644691,0.746642
0.609147,0.928549
0.70202,0.771168
0.712612,0.831717
0.626727,1.07174
0.617221,0.924238
0.609517,0.891068
0.623529,0.917967
0.610471,0.900208
0.734708,0.585613
0.710708,0.636881
0.697956,0.732219
0.697956,0.732219
0.709535,0.739711
0.698574,0.74164
0.660675,0.710965
0.740505,0.658925
0.732008,0.653716
0.733024,0.695307
0.732128,0.71293
0.664832,0.66749
0.567193,0.953934
0.62657,0.912814
0.709882,0.603209
0.683037,0.745197
0.670098,0.780737
0.655831,0.818198
0.738779,0.667206
0.736357,0.670436
0.699194,0.72759
0.678511,0.739225
0.725949,0.602203
0.758151,0.509223
0.759289,0.530357
0.759289,0.530357
0.759289,0.530357
0.611925,0.814561
0.709015,0.72215
0.707949,0.715903
0.691496,0.765809
0.682658,0.66279
0.706052,0.782611
0.625525,0.780897
0.735745,0.720587
0.684442,0.792395
0.671508,0.731503
0.664248,0.759324
0.65635,0.799854
0.657425,0.765626
0.626221,0.81721
0.698735,0.734248
0.717986,0.546678
0.704459,0.530677
0.63147,0.647792
0.621836,0.736058
0.618132,0.699928
0.607761,0.609304
0.579049,0.588361
0.67396,0.711457
0.57066,1.0313
0.647367,0.937016
0.665389,0.637583
0.700371,0.670828
0.734202,0.643065
0.734202,0.643065
0.7166,0.704453
0.722717,0.731781
0.706707,0.766378
0.665493,0.763331
0.649947,0.769914
0.64717,0.755681
0.64717,0.755681
0.658309,0.717206
0.663999,0.835163
0.593809,0.77863
0.650688,0.825681
0.615953,0.826584
0.684076,0.790297
0.678507,0.79548
0.676881,0.765631
0.67349,0.779412
0.621841,0.873287
0.679935,0.701445
0.664348,0.732678
0.674955,0.732335
0.683258,0.789975
0.692771,0.770945
0.683714,0.7468
0.657742,0.749101
0.652687,0.85658
0.623765,0.850839
0.693011,0.744616
0.676768,0.768508
0.716398,0.643976
0.717935,0.690659
0.700981,0.674691
0.659468,0.786058
0.652289,0.818626
0.677689,0.762497
0.691514,0.685273
0.719788,0.675879
0.677106,0.767039
0.685228,0.738007
0.685228,0.738007
0.637022,0.795005
0.696324,0.739794
0.719526,0.712174
0.679051,0.631432
0.728377,0.641356
0.728377,0.641356
0.723736,0.74167
0.651857,0.681934
0.702191,0.651306
0.711459,0.720142
0.728249,0.750875
0.727191,0.699628
0.65979,0.676038
0.70536,0.830328
0.734503,0.7744
0.673011,0.800103
0.673686,0.700931
0.72398,0.623512
0.708494,0.6697
0.661064,0.764336
0.674671,0.756733
0.705846,0.711285
0.692234,0.64503
0.683936,0.703898
0.712316,0.707303
0.662078,0.667673
0.639698,0.895279
0.558437,0.941009
0.596619,0.930826
0.62659,0.801725
0.616221,0.906498
0.60066,0.934698
0.60066,0.934698
0.594154,0.881938
0.583829,0.869077
0.637726,0.932423
0.644935,0.777487
0.644935,0.777487
0.706634,0.67295
0.679439,0.664431
0.642176,0.826584
0.639901,0.792958
0.639901,0.792958
0.64386,0.868288
0.673203,0.724936
0.673203,0.724936
0.664792,0.71041
0.672315,0.761529
0.647263,0.837096
0.676438,0.748524
0.665415,0.814186
0.665415,0.814186
0.647409,0.764596
0.617519,0.938306
0.689297,0.698809
0.698147,0.783141
0.711788,0.78312
0.621487,0.70742
0.661376,0.709539
0.747457,0.65643
0.74901,0.702667
0.653577,0.654665
0.656172,0.856691
0.666191,0.690201
0.673469,0.829707
0.650979,0.855445
0.659829,0.869158
0.664095,0.770396
0.664095,0.770396
0.67087,0.713234
0.753091,0.508583
0.633754,0.989557
0.729193,0.608691
0.71609,0.525109
0.664118,0.889553
0.675126,0.705028
0.712882,0.709526
0.675493,0.67507
0.672133,0.809882
0.677703,0.84791
0.669199,0.840423
0.670367,0.78814
0.670367,0.78814
0.652706,0.783021
0.687833,0.702425
0.778286,0.544531
0.767794,0.445347
0.691519,0.762286
0.708624,0.84557
0.600797,0.764131
0.606297,0.79592
0.59822,0.758406
0.614637,0.856462
0.614637,0.856462
0.670294,0.70692
0.629878,0.822346
0.701974,0.695744
0.638415,0.811023
0.624856,0.906799
0.59502,0.800594
0.606715,0.76969
0.622638,0.907214
0.632765,0.831208
0.705708,0.677112
0.705708,0.677112
0.710185,0.581974
0.6421,0.749714
0.728477,0.627659
0.729085,0.628609
0.694674,0.690779
0.657844,0.770605
0.655342,0.833838
0.653027,0.819102
0.685007,0.743567
0.713763,0.727375
0.70339,0.714189
0.721893,0.650833
0.685347,0.697348
0.68527,0.696075
0.661884,0.578535
0.694649,0.788392
0.681674,0.794526
0.700273,0.641691
0.700273,0.641691
0.648587,0.769504
0.648587,0.769504
0.612068,0.864593
0.663939,0.740629
0.676781,0.751945
0.634068,0.75992
0.621917,0.758825
0.620758,0.74839
0.619977,0.770355
0.624813,0.781446
0.656152,0.858526
0.609866,0.875521
0.829921,0.470162
0.764728,0.433067
0.773948,0.602469
0.67809,0.628723
0.690927,0.736777
0.693016,0.688439
0.693016,0.688439
0.702063,0.6696
0.673672,0.775463
0.67335,0.782861
0.639045,0.760299
0.763889,0.467192
0.773228,0.575195
0.693239,0.622599
0.677059,0.836416
0.663662,0.826535
0.671177,0.738053
0.639811,0.805434
0.652772,0.748921
0.64171,0.840943
0.630589,0.854383
0.672606,0.782781
0.542611,1.02588
0.705739,0.597166
0.697231,0.750876
0.688465,0.739889
0.681281,0.818285
0.662236,0.725453
0.629097,0.678607
0.667343,0.71305
0.650606,0.797621
0.687272,0.765587
0.645485,0.814998
0.640897,0.807162
0.651543,0.737474
0.639006,0.701496
0.712468,0.691996
0.67198,0.663733
0.679203,0.765284
0.703493,0.636311
0.723335,0.664949
0.701555,0.683095
0.70567,0.656383
0.64125,0.818388
0.660395,0.756829
0.651152,0.72495
0.660371,0.733864
0.659125,0.764591
0.636896,0.718312
0.678334,0.686667
0.662338,0.656096
0.69104,0.646673
0.671079,0.687365
0.677144,0.819676
0.644101,0.740164
0.584164,0.922393
0.584164,0.922393
0.583604,0.874417
0.557615,0.997428
0.728014,0.580505
0.68445,0.625483
0.661597,0.681143
0.673585,0.770104
0.674116,0.795592
0.594324,0.915766
0.603497,0.954907
0.600173,0.965179
0.602961,0.889857
0.717076,0.60456
0.710112,0.676815
0.659004,0.817642
0.659004,0.817642
0.623952,0.859869
0.645286,0.807122
0.660438,0.794766
0.643446,0.840272
0.641986,0.826641
0.67013,0.754124
0.67013,0.754124
0.669642,0.751895
0.658971,0.752258
0.698814,0.705706
0.698814,0.705706
0.698814,0.705706
0.713768,0.721212
0.713768,0.721212
0.624244,0.775928
0.673662,0.790324
0.654512,0.814302
0.66325,0.718753
0.719359,0.681256
0.715926,0.686872
0.678043,0.703646
0.647336,0.746124
0.662903,0.733753
0.6712,0.657169
0.723588,0.727264
0.715089,0.713585
0.672486,0.712201
0.679744,0.79616
0.677793,0.721039
0.655388,0.816943
0.614253,0.896639
0.618229,0.853056
0.66316,0.802016
0.67636,0.741881
0.707152,0.675577
0.706874,0.614084
0.733906,0.643374
0.66512,0.781396
0.66512,0.781396
0.669219,0.679319
0.67225,0.692827
0.67867,0.775625
0.692093,0.745568
0.639023,0.767912
0.676853,0.763569
0.653452,0.733496
0.653452,0.733496
0.653452,0.733496
0.712153,0.725479
0.65116,0.739406
0.586924,0.874627
0.586924,0.874627
0.577853,0.892468
0.634021,0.921673
0.634021,0.921673
0.667945,0.640356
0.670571,0.876547
0.609607,0.920049
0.65532,0.756383
0.705433,0.690217
0.697929,0.713429
0.697929,0.713429
0.717401,0.668421
0.679642,0.701862
0.679642,0.701862
0.691383,0.672266
0.676407,0.798127
0.679467,0.577986
0.725141,0.6355
0.731414,0.602224
0.621845,0.879772
0.617415,0.764715
0.703287,0.785391
0.70005,0.56473
0.709345,0.717354
0.619219,0.79953
0.636584,0.863079
0.660943,0.733949
0.613221,0.903982
0.624228,0.850405
0.624228,0.850405
0.624228,0.850405
0.624228,0.850405
0.633954,0.667512
0.656687,0.770336
0.69995,0.668715
0.667811,0.744227
0.667811,0.744227
0.657134,0.787589
0.705312,0.724816
0.715304,0.687094
0.694659,0.653138
0.743919,0.583281
0.690305,0.694134
0.644726,0.635723
0.635438,1.01653
0.626255,0.696345
0.639607,0.724712
0.750601,0.651186
0.683862,0.791861
0.667348,0.776711
0.706639,0.668847
0.706639,0.668847
0.656386,0.728823
0.661888,0.736983
0.647353,0.803171
0.647353,0.803171
0.680324,0.777844
0.705072,0.667793
0.705072,0.667793
0.668712,0.775652
0.676816,0.776882
0.671623,0.75572
0.677179,0.75069
0.690805,0.657608
0.644909,0.782245
0.661757,0.825052
0.578832,1.02661
0.794231,0.50356
0.595816,1.01066
0.563646,0.92479
0.578646,1.02272
0.766535,0.54605
0.744051,0.624892
0.710379,0.637129
0.69418,0.727341
0.680195,0.751675
0.649784,0.827895
0.649784,0.827895
0.649784,0.827895
0.720538,0.666872
0.712733,0.602106
0.657666,0.820021
0.660992,0.741908
0.670675,0.770779
0.670675,0.770779
0.688795,0.657404
0.688795,0.657404
0.70051,0.678335
0.70051,0.678335
0.743389,0.613426
0.718041,0.618175
0.75303,0.453878
0.788493,0.490796
0.778136,0.495413
0.795477,0.539773
0.736837,0.691163
0.740206,0.683273
0.691916,0.552917
0.662636,0.500944
0.626421,0.722241
0.651789,0.90387
0.683534,0.64338
0.655003,0.782108
0.689214,0.836221
0.677232,0.80524
0.648226,0.776676
0.709568,0.713804
0.670207,0.635342
0.66572,0.874047
0.583146,0.859862
0.614716,0.942864
0.576553,0.863364
0.617234,0.974768
0.599782,0.959132
0.586936,0.935021
0.609452,0.949399
0.598478,1.01228
0.623096,0.797021
0.620447,0.794725
0.637244,0.554053
0.66725,0.471857
0.686674,0.683892
0.686674,0.683892
0.696083,0.695107
0.691693,0.712855
0.697067,0.770047
0.661272,0.669921
0.707668,0.817211
0.660343,0.743667
0.677741,0.699999
0.677741,0.699999
0.795581,0.576504
0.748582,0.533537
0.763243,0.669114
0.721193,0.517321
0.657876,0.607352
0.697741,0.814745
0.675938,0.759985
0.669746,0.767841
0.635023,0.86328
0.635023,0.86328
0.642163,0.858647
0.672394,0.796763
0.668197,0.803674
0.651848,0.84766
0.673454,0.84264
0.692929,0.835788
0.682779,0.810948
0.580789,0.814576
0.644541,0.689609
0.737303,0.71457
0.624397,0.725333
0.638391,0.836176
0.638391,0.836176
0.690707,0.753747
0.651968,0.730902
0.710709,0.716479
0.710709,0.716479
0.652965,0.719533
0.649032,0.802831
0.692384,0.751224
0.708168,0.721048
0.640635,0.770553
0.66349,0.781119
0.668255,0.689766
0.636973,0.950939
0.588042,0.852761
0.641155,0.861998
0.572818,0.854364
0.589274,0.860016
0.680125,0.773309
0.645841,0.877345
0.666088,0.979581
0.626454,0.810142
0.717329,0.620719
0.686435,0.727937
0.707688,0.674772
0.727322,0.546152
0.662009,0.843317
0.659676,0.686615
0.667827,0.875892
0.641752,0.690656
0.683041,0.820987
0.691823,0.782311
0.629925,0.728124
0.65173,0.832288
0.603344,0.804088
0.714229,0.744111
0.679034,0.701618
0.68973,0.8045
0.695647,0.801683
0.675862,0.841149
0.670412,0.927923
0.650873,0.609538
0.807081,0.657438
0.801951,0.629102
0.751952,0.580652
0.740354,0.549266
0.737084,0.594068
0.69348,0.681668
0.640586,0.8334
0.640586,0.8334
0.633213,0.742387
0.642364,0.83302
0.643921,0.824939
0.664839,0.716563
0.651338,0.692101
